family,case,mode,threads,txns,ops,observed,model,checker,status,notes
E7a-readers,threads-1,sync,1,0,240,errors=40,static-120-docs,clean,MATCH,"ops=200 p50=54us p95=121us p99=189us; readers never gate-blocked; all results valid ids; scans exact"
E7a-readers,threads-2,sync,2,0,480,errors=320,static-120-docs,clean,MATCH,"ops=400 p50=77us p95=133us p99=175us; readers never gate-blocked; all results valid ids; scans exact"
E7a-readers,threads-4,sync,4,0,960,errors=160,static-120-docs,clean,MATCH,"ops=800 p50=75us p95=129us p99=264us; readers never gate-blocked; all results valid ids; scans exact"
E7a-readers,threads-8,sync,8,0,1920,errors=320,static-120-docs,clean,MATCH,"ops=1600 p50=73us p95=129us p99=312us; readers never gate-blocked; all results valid ids; scans exact"
E7a-readers,threads-16,sync,16,0,3840,errors=2560,static-120-docs,clean,MATCH,"ops=3200 p50=73us p95=139us p99=23685us; readers never gate-blocked; all results valid ids; scans exact"
E7b-reader-writer,2r-1w-flips,sync,3,0,77,values-seen={3; 4; 5; 6; 7; 8; 9; 11; 12; 13; 14; 16; 17; 20; 21; 22; 23; 25; 27; 28; 29; 31; 32; 33; 34; 35; 36; 37; 38; 39; 40},final-num=40,clean,MATCH,"reads=37 invalid=0 (committed-only values; readers never gate-blocked; never torn)"
E7e-atomic-visibility,hot-reader-during-commits,sync,2,30,1680, 00=1315 0105=5 101101=1 1020=1 102102=14 1030=2 103103=13 1040=3 104104=16 1050=3 105105=15 1060=5 106106=13 1070=8 107107=43 1080=3 108108=17 1090=11 109109=21 1100=9 110110=15 1110=7 111111=17 1120=9 112112=17 1130=8 113113=17 1140=19 114114=19 1150=13 115115=21 per-doc-monotonic=YES mixed-pairs=106,per-doc-atomic-monotonic,clean,MATCH,"per-DOCUMENT atomic and monotonic across the whole commit window; 106 mixed (A,B) pairs observed — NO per-txn snapshot for concurrent non-txn readers"
E7f-del-ins,hot-reader-during-commit,sync,2,30,1, A0B1=1 per-doc-monotonic=0 mixed-pairs=0,per-doc-monotonic-only,clean,MATCH,"DELETE A + INSERT B in one txn: A falls once and B rises once (per-document); no mixed pair captured in this run (bounded observation); per-doc semantics hold"
E7g-write-write,same-key-t1-then-t2,sync,2,2,2,final=Some(200) expect=200,later-commit-wins-1-doc/order-honored,clean,MATCH,"both commits Ok; later commit wins; WAL order = commit order; recovery identical"
E7g-write-write,same-key-t2-then-t1,sync,2,2,2,final=Some(100) expect=100,later-commit-wins-1-doc/order-honored,clean,MATCH,"both commits Ok; later commit wins; WAL order = commit order; recovery identical"
E7g-write-write,same-key-t1-then-t2,group,2,2,2,final=Some(200) expect=200,later-commit-wins-1-doc/order-honored,clean,MATCH,"both commits Ok; later commit wins; WAL order = commit order; recovery identical"
E7g-write-write,same-key-t2-then-t1,group,2,2,2,final=Some(100) expect=100,later-commit-wins-1-doc/order-honored,clean,MATCH,"both commits Ok; later commit wins; WAL order = commit order; recovery identical"
E7g-write-write,same-key-t1-then-t2,async,2,2,2,final=Some(200) expect=200,later-commit-wins-1-doc/order-honored,clean,MATCH,"both commits Ok; later commit wins; WAL order = commit order; recovery identical"
E7g-write-write,same-key-t2-then-t1,async,2,2,2,final=Some(100) expect=100,later-commit-wins-1-doc/order-honored,clean,MATCH,"both commits Ok; later commit wins; WAL order = commit order; recovery identical"
E7g-write-write,plain-2-writers,sync,2,0,20,acked=20 docs=20,20-survive,clean,MATCH,"all ACKed writes survive; mutations serialize on the mutation gate (write->apply->ACK atomic w.r.t. other writers)"
E7h-lost-update,read-outside-blind-write,sync,2,2,4,both-committed final=Some(2) expect=2,commit-order-wins-no-detection,clean,MATCH,"LOST UPDATE occurs by construction: no conflict detection; no version check; commit-order-wins is NOT conflict detection"
E7i-write-skew,classic-invariant,sync,2,2,0,not-expressible,UNSUPPORTED-NO-TXN-READS,-,-,"TxnOp = Insert|Delete: transactions cannot read; write-skew requires transactional reads; NOT fabricated"
E7j-phantom,predicate-requery-in-txn,sync,2,2,0,not-expressible,UNSUPPORTED-NO-TXN-QUERY,-,-,"no transactional range/filter query API; phantom behavior in-txn cannot exist or be observed; NOT inferred from point reads"
E7k-staged-visibility,stage-barrier-read-commit,sync,2,30,90,staged-new-visible=0 old-missing-while-staged=0 post-commit-missing=0,absent-then-present,clean,MATCH,"ordered 3-barrier reps: reads completing strictly before the commit invocation never see the staged version (old version stays live); visible only after commit"
E7l-rollback-visibility,stage-barrier-rollback,sync,2,20,60,ever-visible=0,never-visible,clean,MATCH,"ordered 3-barrier reps: the staged version is invisible to a read that completes strictly before the rollback is invoked, and stays absent after rollback"
E7m-commit-visibility,watch-flip-during-commit,sync,2,40,120,window-observed=0 noticed-after-ack=39 early-retire=0 new-pre-ack=0 new-after-ack=39 unclassified=1 stability-viol=0,apply-point-visibility,clean,MATCH,"retire and new-appearance happen strictly inside the commit invoke/complete interval where observed (per-op apply, txn NOT a visibility unit); post-ACK stability reads never see old live or new absent; late watcher notices are bounded observation, not staleness"
E7n-del-reinsert,both-orders-compact-restart,sync,2,4,4,6300=v2/42 6301=v3/43,uuid-v2-v3-live-old-tombstoned,clean,MATCH,"del-then-ins and ins-then-del both land on the same final state; old uuids tombstoned; survives compaction + restart"
E7o-collections,T-A-T-B-concurrent-plus-ops,sync,2,0,2,A=[6400] B=[6401],no-contamination,clean,MATCH,"concurrent inserts into disjoint collections; read-A/write-B/backup/ckpt/compact all isolate; backup restores isolation"
E7p-checkpoint,staged-then-concurrent-ckpt,sync,2,1,1,staged-visible-at-ckpt=0,ckpt-never-commits,clean,MATCH,"ordered: checkpoint + both read rounds completed strictly before the commit invocation; staged version absent before/after the checkpoint; old version intact; visible only after its own commit"
E7q-compaction,commits-vs-compact-loop,sync,2,5,5,compactions=9 docs=5,no-partial-no-lost,clean,MATCH,"commit and compaction serialize on the mutation gate; no partial txn, no lost write, no resurrection"
E7r-backup,txn-during-staged,sync,2,1,1,snapshot=pre,pre-or-post-never-partial,clean,MATCH,"backup captures pre-txn or post-commit state, never a partial transaction (snapshot: {6502: (1; 't'; 33)})"
E7r-backup,txn-during-commit,sync,2,1,1,snapshot=post,pre-or-post-never-partial,clean,MATCH,"backup captures pre-txn or post-commit state, never a partial transaction (snapshot: {6502: (1; 't'; 33)})"
E7s-concurrent-staging,3-stage-barrier-commit-3-1-2,sync,3,3,9,distinct-ids=true docs=9,WAL=commit-order,clean,MATCH,"staging fully concurrent; commits serialized; replay order = commit order (restart equality)"
E7t-commit-contention,4-barrier-commits,sync,4,4,4,finish-order=[1; 2; 3; 0],all-committed-serialized,clean,MATCH,"no partial transactions, no failures under contention; completion order recorded; replay = commit order"
E7t-commit-contention,4-barrier-commits,group,4,4,4,finish-order=[2; 0; 1; 3],all-committed-serialized,clean,MATCH,"no partial transactions, no failures under contention; completion order recorded; replay = commit order"
E7t-commit-contention,4-barrier-commits,async,4,4,4,finish-order=[2; 0; 1; 3],all-committed-serialized,clean,MATCH,"no partial transactions, no failures under contention; completion order recorded; replay = commit order"
E7u-linearizability,register-realtime-history,sync,4,0,1823,reads=1744 P1-future=0 P2-stale=0 P3-unknown=0 absent-window=0,single-register-subset,clean,MATCH,"P1/P2/P3 hold for the point-register subset on 1744 reads / 79 writes; 0 reads observed the transient absent state inside update commits (per-op apply, see E7m) — counted separately, NOT folded into P3; NOT a general linearizability claim; p2-offenders=[] (read_inv,read_ret,returned,last_completed)"
E7v-serializability,blind-write-hist-seed-7,sync,3,3,2,commit-order=[2; 0; 1] final-len=2,history=serial-by-construction,clean,MATCH,"history IS a serial execution (atomic commits on a gate): conflict-serializable for the blind-write subset; NO general serializability claim (no txn reads)"
E7v-serializability,blind-write-hist-seed-13,sync,3,3,2,commit-order=[1; 2; 0] final-len=2,history=serial-by-construction,clean,MATCH,"history IS a serial execution (atomic commits on a gate): conflict-serializable for the blind-write subset; NO general serializability claim (no txn reads)"
E7w-schedule-enumeration,sched-0,sync,2,2,4,A=2 B=2,all-or-nothing,clean,MATCH,"mixed A/B values would be a torn txn; every enumerated schedule yields the whole later txn state (want 2)"
E7w-schedule-enumeration,sched-1,sync,2,2,4,A=1 B=1,all-or-nothing,clean,MATCH,"mixed A/B values would be a torn txn; every enumerated schedule yields the whole later txn state (want 1)"
E7w-schedule-enumeration,sched-2,sync,2,2,4,A=2 B=2,all-or-nothing,clean,MATCH,"mixed A/B values would be a torn txn; every enumerated schedule yields the whole later txn state (want 2)"
E7w-schedule-enumeration,sched-3,sync,2,2,4,A=1 B=1,all-or-nothing,clean,MATCH,"mixed A/B values would be a torn txn; every enumerated schedule yields the whole later txn state (want 1)"
E7x-randomized,seed-11,sync,2,3,4,idx-len=4 record-len=4 bad-samples=0 dup-idx=0 dup-idx-replay=0,commit-order-model,clean,MATCH,"seeded deterministic history; final state = replay of committed txns; sampler never saw an uncommitted value; dup-idx = blind-write overlap (engine-legal, see E7h)"
E7x-randomized,seed-23,sync,2,3,5,idx-len=7 record-len=7 bad-samples=0 dup-idx=2 dup-idx-replay=2,commit-order-model,clean,MATCH,"seeded deterministic history; final state = replay of committed txns; sampler never saw an uncommitted value; dup-idx = blind-write overlap (engine-legal, see E7h)"
E7x-randomized,seed-37,sync,2,3,5,idx-len=7 record-len=7 bad-samples=0 dup-idx=2 dup-idx-replay=2,commit-order-model,clean,MATCH,"seeded deterministic history; final state = replay of committed txns; sampler never saw an uncommitted value; dup-idx = blind-write overlap (engine-legal, see E7h)"
E7x-randomized,seed-52,sync,2,3,5,idx-len=8 record-len=8 bad-samples=0 dup-idx=3 dup-idx-replay=3,commit-order-model,clean,MATCH,"seeded deterministic history; final state = replay of committed txns; sampler never saw an uncommitted value; dup-idx = blind-write overlap (engine-legal, see E7h)"
E7x-randomized,seed-68,sync,2,3,5,idx-len=5 record-len=5 bad-samples=0 dup-idx=0 dup-idx-replay=0,commit-order-model,clean,MATCH,"seeded deterministic history; final state = replay of committed txns; sampler never saw an uncommitted value; dup-idx = blind-write overlap (engine-legal, see E7h)"
E7x-randomized,seed-84,sync,2,3,5,idx-len=6 record-len=6 bad-samples=0 dup-idx=1 dup-idx-replay=1,commit-order-model,clean,MATCH,"seeded deterministic history; final state = replay of committed txns; sampler never saw an uncommitted value; dup-idx = blind-write overlap (engine-legal, see E7h)"
