run_id,track,workload,system,mode,dataset,split,query_count,representation,index_parameters,query_parameters,candidate_budget,memory_budget,rep_count,tuning_source,expected_status,eligibility_reference
# C4 confirmed-scale run plan. FROZEN pre-execution per c4-plan.md §6/§10.
# Status values: REGISTERED-PLAN (frozen) / RUN / PASS / FAILED / INVALID-STARTUP / ABORTED / SUPERSEDED / BLOCKED.
# Every run_id is NEW (C4 namespace); raw evidence immutable under ../raw/<run_id> + RUN-INDEX.yaml.
# Per C1: latency = 5 fresh-process reps, warmup 20 seeded-order queries discarded, seeded paired order; quality = deterministic per config.
# Split: TEST = frozen official qrel-test sets (SciFact 300 / NFCorpus 323); VAL = validation-only tuning (NFC dev 324 / SciFact train-sample).
# Budget axes (absolute, matching caps): BUDGET-CAND {50|100|200|500}; BUDGET-EF {16|32|64|128}; BUDGET-MEM {512MiB,1GiB,1.6GiB}; BUDGET-TIME {1|10|100ms}.
--- TRACK A matched primary cells (8 comparisons: B1vB2, B2vB3, B3vB4, B2vB7 x SciFact+NFCorpus) ---
C4-W01-SCI-B0-001,TRK-A,W-01,SYS-B0,MODE-B0,DS-SCIFACT,TEST,300,canonical+all-views brute-force,exact cosine kNN,top10 exact (score desc/ id asc),none,none,1,none,REGISTERED-PLAN,exact oracle / quality ceiling; exact GT artifacts hashed; anchors recall10_exact reference for all SciFact cells
C4-W01-NFC-B0-001,TRK-A,W-01,SYS-B0,MODE-B0,DS-NFCORPUS,TEST,323,canonical+all-views brute-force,exact cosine kNN,top10 exact (score desc/ id asc),none,none,1,none,REGISTERED-PLAN,exact oracle / quality ceiling; anchors recall10_exact for all NFCorpus cells
C4-W01-SCI-B1-001,TRK-A,W-01,SYS-ADB,MODE-B1,DS-SCIFACT,TEST,300,CANONICAL view (384-d),HNSW (ef_construction 400 m 16),k=10; ef_search from validation tuning,none,BUDGET-MEM:512MiB,5,val-tuned ef (C4-W19-SCI-B1-EF-*),REGISTERED-PLAN,single-head approx vs B0; primary contrast with B2
C4-W01-NFC-B1-001,TRK-A,W-01,SYS-ADB,MODE-B1,DS-NFCORPUS,TEST,323,CANONICAL view (384-d),HNSW (ef_construction 400 m 16),k=10; ef_search from validation tuning,none,BUDGET-MEM:512MiB,5,val-tuned ef (C4-W19-NFC-B1-EF-*),REGISTERED-PLAN,single-head approx vs B0; primary contrast with B2
C4-W02-SCI-B2-001,TRK-A,W-02,SYS-ADB,MODE-B2,DS-SCIFACT,TEST,300,3-heads (TITLE/BODY/CITE 384-d),HNSW x3; m 16 ef_construction 400,per_head_k=max(topk*5|20); union clamped to candidate_budget; attention_rank_weight 0.1,BUDGET-CAND:500 (default),BUDGET-MEM:512MiB,5,val-tuned ef (C4-W19-SCI-B2-EF-*),REGISTERED-PLAN,multi-head union fixed-fusion; x3H disclosure; primary vs B1/B3/B7
C4-W02-NFC-B2-001,TRK-A,W-02,SYS-ADB,MODE-B2,DS-NFCORPUS,TEST,323,3-heads (TITLE/BODY/CITE 384-d),HNSW x3; m 16 ef_construction 400,per_head_k=max(topk*5|20); union clamped; attention_rank_weight 0.1,BUDGET-CAND:500 (default),BUDGET-MEM:512MiB,5,val-tuned ef (C4-W19-NFC-B2-EF-*),REGISTERED-PLAN,multi-head union fixed-fusion; x3H disclosure; primary vs B1/B7 (B3 NFC reported with disclosure)
C4-W03-SCI-B3-001,TRK-A,W-03,SYS-B3,MODE-B3,DS-SCIFACT,TEST,300,3 heads (TITLE/BODY/CITE 384-d),HNSW x3; m 16 ef_construction 400,B2 params + activated card b3-lodo-nf-v2-s20260925-h32-lr0.01 (softmax gates); attention_rank_weight 0.1,BUDGET-CAND:500,BUDGET-MEM:512MiB,5,val-tuned ef; card frozen,REGISTERED-PLAN,learned gating headline (LODO NFCorpus->SciFact disclosed; SciFact test untouched); primary B2vB3+B3vB4
C4-W03-NFC-B3-001,TRK-A,W-03,SYS-B3,MODE-B3,DS-NFCORPUS,TEST,323,3 heads (TITLE/BODY/CITE 384-d),HNSW x3; m 16 ef_construction 400,B2 params + activated card b3-lodo-nf-v2 (card trained on NFCorpus TEST qids as LODO supervision - DISCLOSED),BUDGET-CAND:500,BUDGET-MEM:512MiB,5,val-tuned ef; card frozen,REGISTERED-PLAN,LODO card used where its training source is NFCorpus -> B3-on-NFC result reported WITH the training-overlap disclosure; not an independent head-to-head vs B2 (B2 ~= B3 without a separate card)
C4-W04-SCI-B4-001,TRK-A,W-04,SYS-ADB,MODE-B4,DS-SCIFACT,TEST,300,3 heads (TITLE/BODY/CITE 384-d),HNSW x3; m 16 ef_construction 400,B2 candidate gen + identity-init QK attention (no trained params; fusion weight 0.3),BUDGET-CAND:500,BUDGET-MEM:512MiB,5,val-tuned ef,REGISTERED-PLAN,documented no-op arm; verifies B3-vs-B4 equivalence on public data; divergence = defect review
C4-W07-SCI-B7-001,TRK-A,W-07,SYS-ADB,MODE-B7,DS-SCIFACT,TEST,300,3 heads (TITLE/BODY/CITE 384-d),HNSW x3; m 16 ef_construction 400,RetrievalConfig::default Full (gating + identity QK attention + exact rerank over union; fused 0.3/0.5/0.2),BUDGET-CAND:500 (rerank_size=union),BUDGET-MEM:512MiB,5,val-tuned ef,REGISTERED-PLAN,production default Full; evaluated AS-IS incl. unfavorable prior evidence; primary B2vB7
C4-W07-NFC-B7-001,TRK-A,W-07,SYS-ADB,MODE-B7,DS-NFCORPUS,TEST,323,3 heads (TITLE/BODY/CITE 384-d),HNSW x3; m 16 ef_construction 400,RetrievalConfig::default Full (as B7 SciFact),BUDGET-CAND:500,BUDGET-MEM:512MiB,5,val-tuned ef,REGISTERED-PLAN,production default Full; primary B2vB7
--- TRACK A budget-matched sweeps (W-19 ADB leg; validation-only tuning; then frozen on TEST) ---
C4-W19-SCI-B1-EF-001,TRK-A,W-19,SYS-ADB,MODE-B1,DS-SCIFACT,VAL,200,ef_search sweep {16|32|64|128} x k10,ef_construction 400 m 16,k=10 x ef levels,none,BUDGET-MEM:512MiB,1,val only,REGISTERED-PLAN,BUDGET-EF tuning; select ef within +-0.01 Recall@10 on VAL; fastest p50 recorded; SciFact VAL = seeded train-sample (see dataset validation Section 4)
C4-W19-NFC-B1-EF-001,TRK-A,W-19,SYS-ADB,MODE-B1,DS-NFCORPUS,VAL,324,ef_search sweep {16|32|64|128} x k10,ef_construction 400 m 16,k=10 x ef levels,none,BUDGET-MEM:512MiB,1,val only,REGISTERED-PLAN,BUDGET-EF tuning on NFC dev (324); select within tolerance; test never tuned
C4-W19-SCI-B2-EF-001,TRK-A,W-19,SYS-ADB,MODE-B2,DS-SCIFACT,VAL,200,ef_search sweep {16|32|64|128} x candidate_budget {50|100|200|500},m 16 ef_construction 400,per_head_k per budget; union clamped,BUDGET-CAND:{50|100|200|500},BUDGET-MEM:512MiB,1,val only,REGISTERED-PLAN,cross-product BUDGET-EF x BUDGET-CAND on VAL; matched config frozen for TEST cell
C4-W19-NFC-B2-EF-001,TRK-A,W-19,SYS-ADB,MODE-B2,DS-NFCORPUS,VAL,324,ef_search sweep {16|32|64|128} x candidate_budget {50|100|200|500},m 16 ef_construction 400,per_head_k per budget; union clamped,BUDGET-CAND:{50|100|200|500},BUDGET-MEM:512MiB,1,val only,REGISTERED-PLAN,cross-product on NFC dev; matched config frozen
C4-W19-SCI-B7-EF-001,TRK-A,W-19,SYS-ADB,MODE-B7,DS-SCIFACT,VAL,200,BUDGET-EF sweep for Full mode,m 16 ef_construction 400,default Full params; ef levels,BUDGET-CAND:500,BUDGET-MEM:512MiB,1,val only,REGISTERED-PLAN,BUDGET-EF on VAL; B7 evaluated as-is (no quality redefinition)
C4-W19-NFC-B7-EF-001,TRK-A,W-19,SYS-ADB,MODE-B7,DS-NFCORPUS,VAL,324,BUDGET-EF sweep for Full mode,m 16 ef_construction 400,default Full params; ef levels,BUDGET-CAND:500,BUDGET-MEM:512MiB,1,val only,REGISTERED-PLAN,BUDGET-EF on NFC dev
--- TRACK A BUDGET-MEM / BUDGET-TIME boundary checks (sampler-enforced; OBSERVED-LIMIT recorded at level) ---
C4-W19-SCI-B3-MEM-001,TRK-A,W-19,SYS-B3,MODE-B3,DS-SCIFACT,TEST,300,as B3 cell,BUDGET-MEM levels {512MiB|1.0GiB|1.6GiB} enforced via sampler-abort,default B3 config (fixed ef/cand),BUDGET-CAND:500,BUDGET-MEM:{512MiB|1.0GiB|1.6GiB},5,same as C4-W03-SCI-B3-001,REGISTERED-PLAN,memory-boundary accounting; observed C3 peak 304 MiB -> fits 512 MiB leg; higher legs = count + RSS only
C4-W19-SCI-B1-TIME-001,TRK-A,W-19,SYS-ADB,MODE-B1,DS-SCIFACT,TEST,300,BUDGET-TIME levels {1|10|100ms} per-query deadline,deadline-enabled search (AttentionDB deadline API),k10; deadline levels,none,BUDGET-MEM:512MiB,5,same config as W01 B1,REGISTERED-PLAN,tail-behavior; deadline misses = FAILURES counted; latencies reported with exclusion counts (statistical plan)
--- TRACK B practical configuration (documented realistic; reported separately, never merged with Track A) ---
C4-W07-SCI-B7-TRKB-001,TRK-B,W-07,SYS-ADB,MODE-B7,DS-SCIFACT,TEST,300,practical default (vendor-default Full; no tuning on test),all defaults recorded,default Full,none (no tuning),BUDGET-MEM:512MiB,5,none,REGISTERED-PLAN,Track B practical; setup/ingest/index costs in scope; separate table
C4-W01-NFC-B1-TRKB-001,TRK-B,W-01,SYS-ADB,MODE-B1,DS-NFCORPUS,TEST,323,practical default single-head,all defaults recorded,default (ef 64 k10),none,BUDGET-MEM:512MiB,5,none,REGISTERED-PLAN,Track B practical single-vector baseline record
# External-system confirmed cells are CONDITIONAL at C4 (must re-smoke on THIS host first); BLOCKED otherwise. Not frozen as REGISTERED-PLAN until smoke PASS.
C4-X-QDR-NFC-B1-001,TRK-A,W-01,SYS-QDRANT,MODE-B1,DS-NFCORPUS,TEST,323,CANONICAL via named-vector,hnsw defaults recorded,Qdrant ef analog (knob-mapping table),analog-ef,BUDGET-MEM:512MiB,5,val-tuned analog,BLOCKED,Qdrant 1.12.4 Windows binary must be shipped + re-smoked on this host with sampler (C4-G3); else stays BLOCKED
C4-X-WCV-NFC-B1-001,TRK-A,W-01,SYS-WEAVIATE,MODE-B1,DS-NFCORPUS,TEST,323,CANONICAL nearVector,hnsw defaults recorded,Weaviate analog,analog-ef,BUDGET-MEM:512MiB,5,val-tuned nearVector,BLOCKED,Windows binary + startup deltas + this-host smoke required first
C4-X-MLV-NFC-B1-001,TRK-A,W-01,SYS-MILVUS,MODE-B1,DS-NFCORPUS,TEST,323,CANONICAL via milvus-lite,flat/hnsw recorded,milvus-lite pre-3.4 search params,analog-cand,BUDGET-MEM:512MiB,5,val-tuned analog,BLOCKED,win32 wheel availability not verified on this host
C4-X-PGV-NFC-B1-001,TRK-A,W-01,SYS-PGVECTOR,MODE-B1,DS-NFCORPUS,TEST,323,CANONICAL <=> exact,hnsw.ef_search analog,hnsw.ef_search analog,analog-ef,BUDGET-MEM:512MiB,5,val-tuned analog,BLOCKED,Windows install + extension smoke + credential re-auth (PGVECTOR-003) required
C4-X-ES-NFC-B1-001,TRK-A,W-01,SYS-ES,MODE-B1,DS-NFCORPUS,TEST,323,CANONICAL via knn,num_candidates analog,num_candidates analog,analog-cand,BUDGET-MEM:512MiB,5,val-tuned analog,BLOCKED,C2 terminal OBSERVED-LIMIT; default-JVM same-config re-test on larger host ONLY (recorded envelope) with sampler; reduced-heap retry forbidden
