seq,label,model_ok,checker,mapper_ok,retired_ok,live,hash
3000,e8a,ok,true,true,true,371,a23b9f3e828a8097
6000,e8a,ok,true,true,true,371,9f64bc3bd86a40d6
9000,e8a,ok,true,true,true,360,42a858bcfa574b6b
12000,e8a,ok,true,true,true,373,8dabea988933c1d4
15000,e8a,ok,true,true,true,397,13aea5ecb9267c47
15001,e8a-restore,ok,true,true,true,398,fd803c3d04e52b44
18000,e8a,ok,true,true,true,363,6abfbedb76fd2566
21000,e8a,ok,true,true,true,368,715d6268acda0017
24000,e8a,ok,true,true,true,359,0d207d885ccb931b
27000,e8a,ok,true,true,true,374,a950cdad980e6e33
30000,e8a,ok,true,true,true,375,2c0bec859d02391b
30000,e8a-final-restart,ok,true,true,true,375,2c0bec859d02391b
