epoch,train_loss,val_loss,val_weight_quality_corr
0,1.123590,1.142341,-0.3010
1,1.078032,1.169032,-0.3640
2,1.041780,1.195523,-0.3828
3,1.254294,1.242371,-0.3852
4,1.051895,1.261054,-0.3390
5,0.962712,1.288330,-0.3255
6,0.932273,1.296412,-0.2993
7,0.856863,1.286135,-0.2118
8,0.768936,1.315750,-0.2092
9,0.634299,1.339462,-0.1791
10,0.722121,1.334856,-0.1037
11,1.119696,1.316360,-0.0868
12,0.713785,1.315940,-0.0312
13,0.505968,1.306294,-0.0138
14,0.656570,1.397083,-0.0312
15,0.853695,1.290033,0.0689
16,0.533283,1.394719,0.0298
17,0.534158,1.308652,0.0919
18,0.443915,1.459815,0.0263
19,0.425625,1.337436,0.1162
20,0.303992,1.396242,0.0802
21,0.333515,1.407792,0.1051
22,0.211522,1.417536,0.1142
23,0.217561,1.499394,0.1007
24,0.252659,1.502722,0.1101
25,0.213261,1.470032,0.1302
