mode,recall_at_10,ndcg_at_10,mrr,p50_us,p95_us,p99_us,qps,union_avg,rerank_avg
A_single_head,0.7630,0.8259,1.0000,239,323,336,4121,0.0,0.0
A0_head_default,0.7630,0.8259,1.0000,186,250,277,5198,0.0,0.0
A1_head_semantic,0.5620,0.6310,0.9308,268,364,377,3654,0.0,0.0
A2_head_lexical,0.3480,0.3920,0.7495,295,406,423,3282,0.0,0.0
A3_head_graph,0.2490,0.2568,0.4862,350,497,531,2760,0.0,0.0
A4_head_h4,0.4870,0.5360,0.8415,276,376,421,3555,0.0,0.0
A5_head_h5,0.3410,0.3754,0.6877,315,427,463,3148,0.0,0.0
A6_head_h6,0.2470,0.2734,0.5532,341,475,550,2810,0.0,0.0
A7_head_h7,0.1940,0.2008,0.4251,370,512,584,2616,0.0,0.0
B_multi_head_fixed,0.6720,0.7499,0.9850,1734,2002,2198,573,97.1,97.1
C_learned_gating,0.6720,0.7499,0.9850,1744,1907,2014,574,97.1,97.1
D_qk_attention,0.6720,0.7502,0.9850,1764,1911,2013,572,97.1,97.1
E_full_exact_rerank,0.5580,0.6263,0.9508,2075,2277,3509,476,97.1,97.1
