t_s,op,rss_kb,vmz_kb,anon_kb,file_kb,pss_kb,pss_anon_kb,pss_file_kb,threads,fds,avail_kb,wal_bytes,wal_files,sst_bytes,sst_files,db_bytes
0.8,2000,30012,337656,25192,4820,28736,25236,3500,1,8,1453440,0,0,1294794,2,2654775
3.8,6000,64924,366908,60040,4884,63664,60164,3500,1,8,1418144,0,0,3885921,3,7984402
7.1,10000,112680,413676,107796,4884,111296,107796,3500,1,8,1349688,0,0,6476917,1,13311162
10.8,14000,138796,439004,133912,4884,137432,133932,3500,1,8,1318184,0,0,9067765,2,18634028
12.9,16000,168804,468968,163920,4884,167420,163920,3500,1,8,1288388,0,0,10363301,1,21295812
16.7,20000,194544,495420,189660,4884,193204,189704,3500,1,8,1264508,0,0,12954343,2,26628723
18.7,22000,220596,521356,215712,4884,219212,215712,3500,1,8,1237024,0,0,14249606,1,29286437
20.8,24000,220596,521356,215712,4884,219284,215784,3500,1,8,1239288,0,0,15545167,3,31953649
23.1,26000,245948,546176,241064,4884,244596,241096,3500,1,8,1220620,0,0,16840725,2,34611321
25.3,28000,271816,572108,266932,4884,270432,266932,3500,1,8,1189400,0,0,18136371,1,37277996
27.4,30000,271816,572108,266932,4884,270488,266988,3500,1,8,1189176,0,0,19431801,3,39938811
29.9,32000,307276,607648,302392,4884,305924,302424,3500,1,8,1139432,0,0,20727114,2,42603509
32.4,34000,334832,636992,329948,4884,333448,329948,3500,1,8,1114232,0,0,22022696,1,45268037
34.8,36000,334832,636992,329948,4884,333508,330008,3500,1,8,1116804,0,0,23318357,3,47927901
37.5,38000,359336,661404,354452,4884,357984,354484,3500,1,8,1081168,0,0,24613877,2,50595089
40.3,40000,357288,657764,352404,4884,356080,352580,3500,1,8,1101072,0,0,25909205,1,53256397
42.9,42000,357288,657764,352404,4884,356140,352640,3500,1,8,1100896,0,0,27204665,3,55918543
45.9,44000,381176,681312,376292,4884,379916,376416,3500,1,8,1077096,0,0,28500097,2,58578049
48.9,46000,404456,704464,399572,4884,403296,399796,3500,1,8,1053928,0,0,29795587,1,61244478
51.7,48000,404720,704464,399836,4884,403356,399856,3500,1,8,1054004,0,0,31091219,3,63906994
54.8,50000,428128,727652,423244,4884,426768,423268,3500,1,8,1056872,0,0,32386532,2,66568977
58.1,52000,428548,727900,423664,4884,427164,423664,3500,1,8,1032868,0,0,33681952,1,69235262
60.9,54000,428548,727900,423664,4884,427176,423676,3500,1,8,1033024,0,0,34977579,3,71897097
64.2,56000,514196,815248,509312,4884,512820,509320,3500,1,8,972716,0,0,36273171,2,74557541
67.6,58000,499436,797624,494552,4884,498208,494708,3500,1,8,987536,0,0,37568681,1,77221289
70.7,60000,499436,797624,494552,4884,498224,494724,3500,1,8,987072,0,0,38863956,3,79883804
72.7,60635,499672,798796,494724,4948,498304,494740,3564,1,8,987104,0,0,38863956,3,42322965
74.7,61093,573084,875440,568136,4948,571700,568136,3564,1,8,891556,0,0,38704229,1,42413307
76.7,61715,573084,875440,568136,4948,571716,568152,3564,1,8,891888,0,0,38704229,1,42757530
78.7,62326,573084,875440,568136,4948,571728,568164,3564,1,8,891740,0,0,39295134,2,43677597
80.7,62974,573084,875440,568136,4948,571744,568180,3564,1,8,892152,0,0,39295134,2,44023226
82.7,63588,573084,875440,568136,4948,571760,568196,3564,1,8,892544,0,0,39886124,3,44965629
84.7,64262,573084,875440,568136,4948,571776,568212,3564,1,8,892680,0,0,39886124,3,45313406
86.7,64766,576592,878828,571644,4948,575220,571656,3564,1,8,884580,0,0,38255200,1,43965423
88.7,65417,576592,878828,571644,4948,575236,571672,3564,1,8,885516,0,0,38843321,2,44899850
90.7,66061,576592,878828,571644,4948,575252,571688,3564,1,8,885892,0,0,38843321,2,45253297
92.7,66705,576592,878828,571644,4948,575268,571704,3564,1,8,886788,0,0,39437758,3,46199891
94.7,67334,576592,878828,571644,4948,575284,571720,3564,1,8,883044,0,0,39437758,3,46543529
96.7,67831,579964,882088,575016,4948,578588,575024,3564,1,8,886248,0,0,37848126,1,45234863
98.7,68503,579964,882088,575016,4948,578604,575040,3564,1,8,886592,0,0,37848126,1,45603555
100.7,69143,579964,882088,575016,4948,578624,575060,3564,1,8,887544,0,0,38441377,2,46542535
102.7,69797,579964,882088,575016,4948,578640,575076,3564,1,8,887944,0,0,39028414,3,47479975
104.7,70450,579964,882088,575016,4948,578656,575092,3564,1,8,888296,0,0,39028414,3,47839523
106.7,70982,580868,882872,575920,4948,579492,575928,3564,1,8,885500,0,0,37461210,1,46555891
108.7,71658,580868,882872,575920,4948,579508,575944,3564,1,8,885948,0,0,37461210,1,46924208
110.7,72246,580868,882872,575920,4948,579524,575960,3564,1,8,886828,0,0,38050799,2,47835368
112.7,72903,580868,882872,575920,4948,579544,575980,3564,1,8,887784,0,0,38641435,3,48786091
114.7,73553,580868,882872,575920,4948,579560,575996,3564,1,8,888112,0,0,38641435,3,49145655
116.7,74048,581976,883856,577028,4948,580592,577028,3564,1,8,884216,0,0,37091242,1,47861651
118.7,74700,581976,883856,577028,4948,580612,577048,3564,1,8,884552,0,0,37091242,1,48222501
120.7,75358,581976,883856,577028,4948,580628,577064,3564,1,8,885248,0,0,37682759,2,49174878
122.7,76026,581976,883856,577028,4948,580644,577080,3564,1,8,885340,0,0,37682759,2,49550038
124.7,76697,581976,883856,577028,4948,580660,577096,3564,1,8,885284,0,0,38281224,3,50510097
126.7,77230,583476,885248,578528,4948,582096,578532,3564,1,8,882528,0,0,36742125,1,49244896
128.7,77904,583476,885248,578528,4948,582112,578548,3564,1,8,882740,0,0,36742125,1,49620262
130.7,78573,583476,885248,578528,4948,582132,578568,3564,1,8,883676,0,0,37332857,2,50578817
132.7,79253,583476,885248,578528,4948,582148,578584,3564,1,8,884688,0,0,37924262,3,51546610
134.7,79928,583476,885248,578528,4948,582168,578604,3564,1,8,884512,0,0,37924262,3,51914539
136.7,80398,583844,885512,578896,4948,582472,578908,3564,1,8,873964,0,0,36448271,1,39745242
138.7,81069,583844,885512,578896,4948,582488,578924,3564,1,8,874392,0,0,36448271,1,40113579
140.7,81762,583844,885512,578896,4948,582508,578944,3564,1,8,875324,0,0,37041424,2,41069165
142.7,82440,583844,885512,578896,4948,582528,578964,3564,1,8,876304,0,0,37625696,3,42028266
144.7,83102,583844,885512,578896,4948,582544,578980,3564,1,8,876448,0,0,37625696,3,42395844
146.7,83635,584024,885512,579076,4948,582648,579084,3564,1,8,879988,0,0,36119645,1,41186391
148.7,84327,584024,885512,579076,4948,582664,579100,3564,1,8,881044,0,0,36717387,2,42175655
150.7,85032,584024,885512,579076,4948,582684,579120,3564,1,8,881396,0,0,36717387,2,42559742
152.7,85716,584024,885512,579076,4948,582692,579128,3564,1,8,882348,0,0,37309505,3,43527680
155.1,86400,584084,885512,579136,4948,582700,579136,3564,1,8,880096,0,0,35839597,1,42432956
157.1,87104,584084,885512,579136,4948,582704,579140,3564,1,8,880444,0,0,35839597,1,42809789
159.1,87804,584084,885512,579136,4948,582708,579144,3564,1,8,881392,0,0,36425301,2,43778795
161.1,88524,584084,885512,579136,4948,582712,579148,3564,1,8,881812,0,0,36425301,2,44171782
163.1,89236,584084,885512,579136,4948,582716,579152,3564,1,8,882792,0,0,37017257,3,45139467
165.1,89801,584104,885512,579156,4948,582720,579156,3564,1,8,880628,0,0,35520513,1,43962519
167.1,90497,584104,885512,579156,4948,582724,579160,3564,1,8,881076,0,0,35520513,1,44360252
169.1,91180,584104,885512,579156,4948,582728,579164,3564,1,8,882008,0,0,36118649,2,45333811
171.1,91838,584104,885512,579156,4948,582732,579168,3564,1,8,883000,0,0,36719528,3,46317608
173.1,92559,584104,885512,579156,4948,582736,579172,3564,1,8,883368,0,0,36719528,3,46722804
175.1,93133,584124,885512,579176,4948,582744,579180,3564,1,8,875272,0,0,35308343,1,45618082
177.1,93857,584124,885512,579176,4948,582748,579184,3564,1,8,875692,0,0,35308343,1,46012092
179.1,94546,584124,885512,579176,4948,582752,579188,3564,1,8,876648,0,0,35899863,2,46978910
181.1,95228,584124,885512,579176,4948,582756,579192,3564,1,8,877104,0,0,36495459,3,47964906
183.1,95909,584124,885512,579176,4948,582760,579196,3564,1,8,877016,0,0,36495459,3,48354393
185.1,96460,584144,885512,579196,4948,582764,579200,3564,1,8,867220,0,0,35075651,1,47247151
187.1,97133,584144,885512,579196,4948,582764,579200,3564,1,8,864108,0,0,35671278,2,48217562
189.1,97857,584144,885512,579196,4948,582768,579204,3564,1,8,864240,0,0,35671278,2,48610196
191.1,98575,584144,885512,579196,4948,582776,579212,3564,1,8,865236,0,0,36264452,3,49602060
193.5,99270,584164,885512,579216,4948,582780,579216,3564,1,8,863044,0,0,34841095,1,48568883
195.5,100000,584164,885512,579216,4948,582784,579220,3564,1,8,860912,0,0,35247127,2,38337105
197.5,100720,584164,885512,579216,4948,582788,579224,3564,1,8,886492,0,0,35247127,2,38728703
199.5,101422,584164,885512,579216,4948,582792,579228,3564,1,8,887204,0,0,35841847,3,39708448
201.9,102121,584180,885512,579232,4948,582796,579232,3564,1,8,860964,0,0,34618130,1,38868143
203.9,102809,584180,885512,579232,4948,582800,579236,3564,1,8,861284,0,0,34618130,1,39252390
205.9,103487,584180,885512,579232,4948,582800,579236,3564,1,8,862192,0,0,35212311,2,40221985
207.9,104190,584180,885512,579232,4948,582808,579244,3564,1,8,862612,0,0,35212311,2,40612474
209.9,104916,584180,885512,579232,4948,582812,579248,3564,1,8,863608,0,0,35807581,3,41607294
211.9,105482,584200,885512,579252,4948,582816,579252,3564,1,8,862364,0,0,34401058,1,40520092
213.9,106178,584200,885512,579252,4948,582820,579256,3564,1,8,862720,0,0,34401058,1,40903490
215.9,106881,584200,885512,579252,4948,582824,579260,3564,1,8,863724,0,0,34998671,2,41906135
217.9,107605,584200,885512,579252,4948,582828,579264,3564,1,8,864668,0,0,35597835,3,42909481
219.9,108316,584200,885512,579252,4948,582832,579268,3564,1,8,865088,0,0,35597835,3,43314686
221.9,108880,584220,885512,579272,4948,582836,579272,3564,1,8,863164,0,0,34231305,1,42260222
223.9,109564,584220,885512,579272,4948,582840,579276,3564,1,8,863640,0,0,34231305,1,42650063
225.9,110247,584220,885512,579272,4948,582844,579280,3564,1,8,864568,0,0,34830579,2,43623965
227.9,110965,584220,885512,579272,4948,582848,579284,3564,1,8,865572,0,0,35427346,3,44626407
229.9,111705,584220,885512,579272,4948,582852,579288,3564,1,8,866012,0,0,35427346,3,45047919
231.9,112238,584236,885512,579288,4948,582856,579292,3564,1,8,858888,0,0,34066138,1,43975467
233.9,112928,584236,885512,579288,4948,582860,579296,3564,1,8,859864,0,0,34659528,2,44950378
235.9,113626,584236,885512,579288,4948,582864,579300,3564,1,8,860208,0,0,34659528,2,45333010
237.9,114324,584236,885512,579288,4948,582868,579304,3564,1,8,861200,0,0,35254560,3,46319811
240.3,115012,584256,885512,579308,4948,582872,579308,3564,1,8,858720,0,0,33884093,1,45332757
242.3,115706,584256,885512,579308,4948,582880,579316,3564,1,8,858948,0,0,33884093,1,45724093
244.3,116422,584256,885512,579308,4948,582884,579320,3564,1,8,859996,0,0,34479586,2,46710928
246.3,117173,584256,885512,579308,4948,582888,579324,3564,1,8,861048,0,0,35073743,3,47720038
248.3,117922,584256,885512,579308,4948,582892,579328,3564,1,8,861412,0,0,35073743,3,48148599
250.3,118519,584280,885512,579332,4948,582896,579332,3564,1,8,877960,0,0,33719818,1,47114976
252.3,119252,584280,885512,579332,4948,582900,579336,3564,1,8,878340,0,0,33719818,1,47513779
254.3,120000,584280,885512,579332,4948,582904,579340,3564,1,8,869100,0,0,34702572,3,37839062
256.3,120755,584280,885512,579332,4948,582908,579344,3564,1,8,869384,0,0,34702572,3,38252976
258.3,121363,584296,885512,579348,4948,582912,579348,3564,1,8,864824,0,0,33561788,1,37442374
260.3,122122,584296,885512,579348,4948,582916,579352,3564,1,8,865240,0,0,33561788,1,37862519
262.3,122859,584296,885512,579348,4948,582920,579356,3564,1,8,866216,0,0,34155970,2,38862211
264.3,123617,584296,885512,579348,4948,582924,579360,3564,1,8,867204,0,0,34749960,3,39884427
266.5,124268,616780,915080,611832,4948,615460,611896,3564,1,8,857416,0,0,33408744,1,38909626
268.5,125021,616780,915080,611832,4948,615464,611900,3564,1,8,857296,0,0,33408744,1,39324966
270.5,125781,616780,915080,611832,4948,615468,611904,3564,1,8,858308,0,0,34004449,2,40342933
272.5,126521,616780,915080,611832,4948,615476,611912,3564,1,8,858276,0,0,34601548,3,41360617
274.5,127264,616780,915080,611832,4948,615484,611920,3564,1,8,858224,0,0,34601548,3,41781045
276.5,127864,616780,915080,611832,4948,615484,611920,3564,1,8,831764,0,0,33286727,1,40802295
278.5,128592,616780,915080,611832,4948,615492,611928,3564,1,8,832536,0,0,33886759,2,41816093
280.5,129353,616780,915080,611832,4948,615496,611932,3564,1,8,832908,0,0,33886759,2,42251845
282.5,130085,616780,915080,611832,4948,615500,611936,3564,1,8,833944,0,0,34485831,3,43250797
284.6,130731,616780,915080,611832,4948,615504,611940,3564,1,8,846796,0,0,33174925,1,42300064
286.6,131493,616780,915080,611832,4948,615508,611944,3564,1,8,846812,0,0,33174925,1,42729007
288.6,132239,616780,915080,611832,4948,615512,611948,3564,1,8,846880,0,0,33774621,2,43748105
290.6,132985,616780,915080,611832,4948,615516,611952,3564,1,8,847896,0,0,34376379,3,44778382
292.6,133751,616780,915080,611832,4948,615520,611956,3564,1,8,847828,0,0,34376379,3,45207828
294.6,134340,616780,915080,611832,4948,615524,611960,3564,1,8,846400,0,0,33082708,1,44241730
296.6,135067,616780,915080,611832,4948,615528,611964,3564,1,8,846680,0,0,33687058,2,45266410
298.6,135826,616780,915080,611832,4948,615532,611968,3564,1,8,846652,0,0,33687058,2,45696071
300.6,136600,616780,915080,611832,4948,615536,611972,3564,1,8,847360,0,0,34287327,3,46733063
302.6,137221,616780,915080,611832,4948,615540,611976,3564,1,8,839804,0,0,32979802,1,45768966
304.6,137974,616780,915080,611832,4948,615548,611984,3564,1,8,840352,0,0,32979802,1,46204377
306.6,138707,616780,915080,611832,4948,615552,611988,3564,1,8,841368,0,0,33581376,2,47227536
308.6,139453,616780,915080,611832,4948,615556,611992,3564,1,8,842352,0,0,34182129,3,48247549
310.6,140007,616780,915080,611832,4948,615560,611996,3564,1,8,836680,0,0,32920116,1,36135566
312.6,140763,616780,915080,611832,4948,615564,612000,3564,1,8,837068,0,0,32920116,1,36558400
314.6,141520,616780,915080,611832,4948,615568,612004,3564,1,8,838092,0,0,33522169,2,37595930
316.6,142295,616780,915080,611832,4948,615576,612012,3564,1,8,839016,0,0,34115980,3,38620197
318.6,143070,616780,915080,611832,4948,615580,612016,3564,1,8,839456,0,0,34115980,3,39049286
320.6,143693,616780,915080,611832,4948,615584,612020,3564,1,8,835968,0,0,32825201,1,38115948
322.6,144474,616780,915080,611832,4948,615588,612024,3564,1,8,836944,0,0,33424415,2,39145415
324.6,145250,616780,915080,611832,4948,615592,612028,3564,1,8,837484,0,0,33424415,2,39582314
326.6,145996,616780,915080,611832,4948,615596,612032,3564,1,8,838456,0,0,34023706,3,40603988
328.6,146599,616780,915080,611832,4948,615600,612036,3564,1,8,817088,0,0,32729607,1,39645626
330.6,147389,616780,915080,611832,4948,615604,612040,3564,1,8,817584,0,0,32729607,1,40076469
332.6,148126,616780,915080,611832,4948,615608,612044,3564,1,8,818612,0,0,33319336,2,41073622
334.6,148897,616780,915080,611832,4948,615612,612048,3564,1,8,819600,0,0,33915109,3,42112857
336.8,149583,616780,915080,611832,4948,615620,612056,3564,1,8,843100,0,0,32644065,1,41224022
338.8,150349,616780,915080,611832,4948,615624,612060,3564,1,8,843808,0,0,32644065,1,41653464
340.8,151099,616780,915080,611832,4948,615628,612064,3564,1,8,843988,0,0,33240407,2,42671506
342.8,151826,616780,915080,611832,4948,615632,612068,3564,1,8,845040,0,0,33840901,3,43691954
344.8,152587,616780,915080,611832,4948,615636,612072,3564,1,8,845208,0,0,33840901,3,44127894
346.8,153222,616780,915080,611832,4948,615640,612076,3564,1,8,843256,0,0,32551447,1,43183081
348.8,154025,616780,915080,611832,4948,615644,612080,3564,1,8,844248,0,0,33144565,2,44222303
350.8,154836,616780,915080,611832,4948,615652,612088,3564,1,8,844724,0,0,33144565,2,44675539
352.8,155627,616780,915080,611832,4948,615656,612092,3564,1,8,845456,0,0,33740864,3,45717493
354.8,156239,616780,915080,611832,4948,615660,612096,3564,1,8,841860,0,0,32454932,1,44789573
356.8,157035,617044,915080,612096,4948,615664,612100,3564,1,8,841528,0,0,32454932,1,45233819
358.8,157801,617044,915080,612096,4948,615668,612104,3564,1,8,842204,0,0,33054086,2,46255333
360.8,158592,617044,915080,612096,4948,615672,612108,3564,1,8,843292,0,0,33649811,3,47302183
362.8,159241,617044,915080,612096,4948,615676,612112,3564,1,8,841044,0,0,32357564,1,46368318
364.8,160000,617044,915080,612096,4948,615684,612120,3564,1,8,846172,0,0,32801530,2,36103356
366.8,160777,617044,915080,612096,4948,615688,612124,3564,1,8,846608,0,0,32801530,2,36540053
368.8,161572,617044,915080,612096,4948,615692,612128,3564,1,8,847348,0,0,33395501,3,37559964
370.8,162191,617044,915080,612096,4948,615696,612132,3564,1,8,847076,0,0,32252869,1,36768075
372.8,162977,617044,915080,612096,4948,615700,612136,3564,1,8,847480,0,0,32252869,1,37211013
374.8,163725,617044,915080,612096,4948,615708,612144,3564,1,8,848456,0,0,32855587,2,38241272
376.9,164499,617044,915080,612096,4948,615716,612152,3564,1,8,849492,0,0,33455043,3,39269385
378.9,165280,617044,915080,612096,4948,615720,612156,3564,1,8,849724,0,0,33455043,3,39706430
380.9,165871,617044,915080,612096,4948,615724,612160,3564,1,8,841660,0,0,32186640,1,38766549
382.9,166631,617044,915080,612096,4948,615728,612164,3564,1,8,842604,0,0,32780021,2,39774976
384.9,167428,617044,915080,612096,4948,615732,612168,3564,1,8,843068,0,0,32780021,2,40219895
386.9,168150,617044,915080,612096,4948,615736,612172,3564,1,8,843892,0,0,33376334,3,41214791
388.9,168763,618628,916712,613680,4948,617372,613808,3564,1,8,846504,0,0,32085378,1,40281356
390.9,169544,618628,916712,613680,4948,617376,613812,3564,1,8,846872,0,0,32085378,1,40709911
392.9,170336,618628,916712,613680,4948,617384,613820,3564,1,8,847960,0,0,32685622,2,41755199
394.9,171083,618628,916712,613680,4948,617388,613824,3564,1,8,848480,0,0,33280685,3,42764681
397.1,171779,622060,920060,617112,4948,620740,617176,3564,1,8,836088,0,0,32000207,1,41874612
399.1,172572,622060,920060,617112,4948,620744,617180,3564,1,8,836416,0,0,32000207,1,42334725
401.1,173358,622060,920060,617112,4948,620748,617184,3564,1,8,837472,0,0,32601556,2,43379782
403.1,174138,622060,920060,617112,4948,620756,617192,3564,1,8,837936,0,0,33200530,3,44409304
405.1,174907,622060,920060,617112,4948,620760,617196,3564,1,8,838380,0,0,33200530,3,44845373
407.1,175530,625492,923592,620544,4948,624296,620732,3564,1,8,835880,0,0,31971501,1,43960973
409.1,176312,625492,923592,620544,4948,624300,620736,3564,1,8,836932,0,0,32569751,2,44996449
411.1,177123,625492,923592,620544,4948,624304,620740,3564,1,8,837364,0,0,32569751,2,45443473
413.1,177922,625492,923592,620544,4948,624308,620744,3564,1,8,838328,0,0,33164266,3,46484981
415.1,178557,629188,927100,624240,4948,627820,624256,3564,1,8,835420,0,0,31877519,1,45556626
417.1,179344,629188,927100,624240,4948,627824,624260,3564,1,8,835756,0,0,32477922,2,46608542
419.1,180063,629188,927100,624240,4948,627828,624264,3564,1,8,825044,0,0,32878570,3,36305166
421.1,180829,629188,927100,624240,4948,627832,624268,3564,1,8,825464,0,0,32878570,3,36734312
423.1,181450,631036,928992,626088,4948,629732,626168,3564,1,8,831228,0,0,31831579,1,36039677
425.1,182230,631036,928992,626088,4948,629736,626172,3564,1,8,832228,0,0,32426549,2,37063935
427.1,183010,631036,928992,626088,4948,629740,626176,3564,1,8,832408,0,0,32426549,2,37493340
429.1,183773,631036,928992,626088,4948,629744,626180,3564,1,8,833476,0,0,33024868,3,38521879
431.1,184408,633412,931308,628464,4948,632064,628500,3564,1,8,834052,0,0,31767453,1,37616199
433.1,185210,633412,931308,628464,4948,632068,628504,3564,1,8,834524,0,0,31767453,1,38075957
435.1,185995,633412,931308,628464,4948,632076,628512,3564,1,8,835564,0,0,32365343,2,39110886
437.1,186765,633412,931308,628464,4948,632080,628516,3564,1,8,836368,0,0,32963740,3,40151467
439.3,187484,636844,934868,631896,4948,635644,632080,3564,1,8,829816,0,0,31720453,1,39313168
441.3,188255,636844,934868,631896,4948,635648,632084,3564,1,8,830144,0,0,31720453,1,39748113
443.3,189023,636844,934868,631896,4948,635652,632088,3564,1,8,830932,0,0,32317573,2,40767757
445.3,189827,636844,934868,631896,4948,635656,632092,3564,1,8,832044,0,0,32919819,3,41844278
447.3,190652,636844,934868,631896,4948,635660,632096,3564,1,8,832436,0,0,32919819,3,42312636
449.3,191299,640540,938584,635592,4948,639380,635816,3564,1,8,819860,0,0,31685129,1,41436856
451.3,192124,640540,938584,635592,4948,639392,635828,3564,1,8,820904,0,0,32284163,2,42502720
453.3,192894,640540,938584,635592,4948,639396,635832,3564,1,8,821988,0,0,32883435,3,43539116
455.3,193678,640540,938584,635592,4948,639400,635836,3564,1,8,822152,0,0,32883435,3,43990822
457.3,194311,646612,944712,641664,4948,645248,641684,3564,1,8,822132,0,0,31694139,1,43150804
459.3,195036,646612,944712,641664,4948,645252,641688,3564,1,8,822176,0,0,32292083,2,44161370
461.3,195828,646612,944712,641664,4948,645256,641692,3564,1,8,822128,0,0,32292083,2,44604780
463.3,196625,646612,944712,641664,4948,645260,641696,3564,1,8,822120,0,0,32888557,3,45645317
465.3,197247,650308,948220,645360,4948,649056,645492,3564,1,8,811512,0,0,31652459,1,44765903
467.3,198036,650308,948220,645360,4948,649060,645496,3564,1,8,811944,0,0,31652459,1,45217871
469.3,198781,650308,948220,645360,4948,649064,645500,3564,1,8,812188,0,0,32253550,2,46240351
471.3,199569,650308,948220,645360,4948,649068,645504,3564,1,8,811968,0,0,32853259,3,47291702
473.3,200185,652948,950776,648000,4948,651616,648052,3564,1,8,800468,0,0,31629284,1,35237584
475.3,200960,652948,950776,648000,4948,651624,648060,3564,1,8,800968,0,0,31629284,1,35681083
477.3,201740,652948,950776,648000,4948,651628,648064,3564,1,8,802020,0,0,32232315,2,36728499
479.3,202469,652948,950776,648000,4948,651632,648068,3564,1,8,803020,0,0,32834220,3,37750406
481.7,203215,655324,953280,650376,4948,654072,650508,3564,1,8,803988,0,0,31623191,1,36954030
483.7,203992,655324,953280,650376,4948,654076,650512,3564,1,8,803840,0,0,31623191,1,37382570
485.7,204734,655324,953280,650376,4948,654080,650516,3564,1,8,803796,0,0,32223279,2,38411212
487.7,205522,655324,953280,650376,4948,654084,650520,3564,1,8,803804,0,0,32822272,3,39454555
489.7,206287,655324,953280,650376,4948,654088,650524,3564,1,8,804044,0,0,32822272,3,39890992
491.7,206908,659020,956956,654072,4948,657852,654288,3564,1,8,822052,0,0,31572449,1,38992552
493.7,207638,659020,956956,654072,4948,657856,654292,3564,1,8,822016,0,0,32171022,2,40004490
495.7,208347,659020,956956,654072,4948,657860,654296,3564,1,8,822224,0,0,32171022,2,40409602
497.7,209098,659020,956956,654072,4948,657864,654300,3564,1,8,822188,0,0,32774387,3,41433481
499.7,209702,662980,960740,658032,4948,661652,658088,3564,1,8,794256,0,0,31547515,1,40557077
501.7,210479,662980,960740,658032,4948,661656,658092,3564,1,8,794752,0,0,31547515,1,41007434
503.7,211281,662980,960740,658032,4948,661664,658100,3564,1,8,795688,0,0,32149526,2,42046758
505.7,212083,662980,960740,658032,4948,661668,658104,3564,1,8,796828,0,0,32748418,3,43105299
508.0,212830,666676,964468,661728,4948,665400,661836,3564,1,8,793468,0,0,31517651,1,42295967
510.0,213641,666676,964468,661728,4948,665404,661840,3564,1,8,794160,0,0,31517651,1,42762030
512.0,214436,666676,964468,661728,4948,665412,661848,3564,1,8,795184,0,0,32118089,2,43799146
514.0,215241,666676,964468,661728,4948,665416,661852,3564,1,8,794160,0,0,32718360,3,44865498
516.0,216028,666676,964468,661728,4948,665424,661860,3564,1,8,794580,0,0,32718360,3,45310425
518.0,216669,670636,968404,665688,4948,669364,665800,3564,1,8,792108,0,0,31516841,1,44475337
520.0,217482,670636,968404,665688,4948,669368,665804,3564,1,8,792944,0,0,32116509,2,45535268
522.0,218279,670636,968404,665688,4948,669372,665808,3564,1,8,793944,0,0,32716196,3,46573009
524.0,219067,670636,968404,665688,4948,669376,665812,3564,1,8,790076,0,0,32716196,3,47023848
526.0,219709,674596,972296,669648,4948,673272,669708,3564,1,8,789184,0,0,31509404,1,46168860
528.0,220479,674596,972296,669648,4948,673276,669712,3564,1,8,778336,0,0,31950798,2,35828580
530.0,221242,674596,972296,669648,4948,673280,669716,3564,1,8,779116,0,0,32543513,3,36850449
532.0,222030,674596,972296,669648,4948,673284,669720,3564,1,8,779600,0,0,32543513,3,37295088
534.0,222653,675916,974772,670968,4948,674616,671052,3564,1,8,784308,0,0,31437610,1,36546992
536.0,223443,675916,974772,670968,4948,674620,671056,3564,1,8,785116,0,0,32042648,2,37603390
538.0,224262,675916,974772,670968,4948,674628,671064,3564,1,8,786196,0,0,32640108,3,38660609
540.0,225048,675916,974772,670968,4948,674636,671072,3564,1,8,786632,0,0,32640108,3,39111628
542.0,225689,706540,1004800,701592,4948,705324,701760,3564,1,8,778652,0,0,31423761,1,38246406
544.0,226471,706540,1004800,701592,4948,705328,701764,3564,1,8,778744,0,0,32023415,2,39298030
546.0,227273,706540,1004800,701592,4948,705332,701768,3564,1,8,778908,0,0,32023415,2,39749043
548.0,228081,706540,1004800,701592,4948,705336,701772,3564,1,8,778968,0,0,32622921,3,40800179
550.0,228732,707068,1004800,702120,4948,705832,702268,3564,1,8,753516,0,0,31398431,1,39949365
552.0,229531,707068,1004800,702120,4948,705836,702272,3564,1,8,754208,0,0,31398431,1,40403337
554.0,230293,707068,1004800,702120,4948,705840,702276,3564,1,8,754984,0,0,31998807,2,41432113
556.0,231101,707068,1004800,702120,4948,705844,702280,3564,1,8,756000,0,0,32598861,3,42491244
558.0,231754,707068,1004800,702120,4948,705848,702284,3564,1,8,753212,0,0,31378403,1,41637615
560.0,232549,707068,1004800,702120,4948,705856,702292,3564,1,8,753616,0,0,31378403,1,42089667
562.0,233379,707068,1004800,702120,4948,705860,702296,3564,1,8,754668,0,0,31975251,2,43148215
564.0,234201,707068,1004800,702120,4948,705864,702300,3564,1,8,755744,0,0,32571534,3,44204020
566.3,234980,707068,1004800,702120,4948,705872,702308,3564,1,8,750808,0,0,31372246,1,43441205
568.3,235817,707068,1004800,702120,4948,705876,702312,3564,1,8,751136,0,0,31372246,1,43902930
570.3,236619,707068,1004800,702120,4948,705880,702316,3564,1,8,752164,0,0,31964941,2,44934792
572.3,237435,707068,1004800,702120,4948,705888,702324,3564,1,8,753240,0,0,32561103,3,45990308
574.5,238163,707068,1004800,702120,4948,705892,702328,3564,1,8,750784,0,0,31315357,1,45151145
576.5,238972,707068,1004800,702120,4948,705896,702332,3564,1,8,751152,0,0,31315357,1,45610984
578.5,239768,707068,1004800,702120,4948,705900,702336,3564,1,8,752212,0,0,31915715,2,46678060
623.2,240000,883892,1321972,878944,4948,882532,878984,3548,3,8,587964,0,0,32359334,3,36101348
625.2,240760,883892,1321972,878944,4948,882560,879012,3548,3,8,587888,0,0,32359334,3,36543012
627.2,241311,914148,1352568,909300,4848,913008,909560,3448,3,8,573348,0,0,31337465,1,35825002
629.2,242091,914148,1352568,909300,4848,913036,909588,3448,3,8,573500,0,0,31337465,1,36263058
631.2,242864,914412,1352568,909564,4848,913064,909616,3448,3,8,573296,0,0,31935981,2,37305658
633.2,243627,914412,1352568,909564,4848,913096,909648,3448,3,8,573336,0,0,32538127,3,38336372
635.7,244346,914404,1352568,909564,4840,913112,909672,3440,3,8,548224,0,0,31322942,1,37540206
637.7,245138,914404,1352568,909564,4840,913148,909708,3440,3,8,548780,0,0,31322942,1,37993362
639.7,245933,914404,1352568,909564,4840,913176,909736,3440,3,8,549796,0,0,31922769,2,39036741
641.7,246696,914404,1352568,909564,4840,913204,909764,3440,3,8,550784,0,0,32522539,3,40073168
643.7,247452,914404,1352568,909564,4840,913232,909792,3440,3,8,551280,0,0,32522539,3,40494103
645.7,247985,914404,1352568,909564,4840,913252,909812,3440,3,8,547828,0,0,31317187,1,39593745
647.7,248724,914404,1352568,909564,4840,913280,909840,3440,3,8,548592,0,0,31914928,2,40604888
649.7,249484,914404,1352568,909564,4840,913304,909864,3440,3,8,549060,0,0,31914928,2,41033657
651.7,250216,914668,1352568,909828,4840,913336,909896,3440,3,8,549312,0,0,32514499,3,42053314
653.7,250770,914668,1352568,909828,4840,913352,909912,3440,3,8,573092,0,0,31294261,1,41138079
655.7,251528,914668,1352568,909828,4840,913384,909944,3440,3,8,573164,0,0,31294261,1,41559735
657.7,252289,914668,1352568,909828,4840,913412,909972,3440,3,8,569364,0,0,31889246,2,42582361
659.7,253031,914668,1352568,909828,4840,913436,909996,3440,3,8,569588,0,0,32492308,3,43612829
661.7,253810,914668,1352568,909828,4840,913464,910024,3440,3,8,569508,0,0,32492308,3,44049433
663.7,254336,914668,1352568,909828,4840,913488,910048,3440,3,8,553032,0,0,31270201,1,43131448
665.7,255066,914668,1352568,909828,4840,913512,910072,3440,3,8,553876,0,0,31874822,2,44162542
667.7,255841,914668,1352568,909828,4840,913544,910104,3440,3,8,554012,0,0,31874822,2,44598023
669.7,256637,914932,1352568,910092,4840,913580,910140,3440,3,8,555008,0,0,32471909,3,45632415
671.7,257184,914932,1352568,910092,4840,913592,910152,3440,3,8,552256,0,0,31255090,1,44733654
673.7,257960,914932,1352568,910092,4840,913624,910184,3440,3,8,552628,0,0,31255090,1,45155696
675.7,258706,914932,1352568,910092,4840,913656,910216,3440,3,8,553620,0,0,31848865,2,46169264
677.7,259454,914932,1352568,910092,4840,913680,910240,3440,3,8,553820,0,0,32446256,3,47187573
679.8,260000,914932,1352568,910092,4840,913700,910260,3440,3,8,533464,0,0,31190165,1,35050291
680.5,260000,914932,1352568,910092,4840,913820,910260,3560,3,8,534332,0,0,31190165,1,35050291