run_id,track,workload,system,mode,dataset,split,query_count,representation,index_parameters,query_parameters,candidate_budget,memory_budget,rep_count,tuning_source,ef_search,lambda,stage1_fraction,overlap_threshold,entropy_threshold,randomized_seed,expected_status,eligibility_reference
C6-EFPROBE-001,SAFETY,W-EF,SYS-ADB,MODE-B,DS-SCIFACT,PROBE,20,3-heads (TITLE/BODY/CITE 384-d),HNSW x3; m 16 ef_construction 400,k=10; ef_search=16 (low leg),BUDGET-CAND:500,BUDGET-MEM:512MiB,1,ef-knob probe,16,0.0,0.0,0.0,0.0,0,REGISTERED-PLAN,ef knob low leg: recall/latency must differ from EF128
C6-EFPROBE-002,SAFETY,W-EF,SYS-ADB,MODE-B,DS-SCIFACT,PROBE,20,3-heads (TITLE/BODY/CITE 384-d),HNSW x3; m 16 ef_construction 400,k=10; ef_search=128 (high leg),BUDGET-CAND:500,BUDGET-MEM:512MiB,1,ef-knob probe,128,0.0,0.0,0.0,0.0,0,REGISTERED-PLAN,ef knob high leg
C6-EFPROBE-003,SAFETY,W-EF,SYS-ADB,MODE-B,DS-NFCORPUS,PROBE,20,3-heads (TITLE/BODY/CITE 384-d),HNSW x3; m 16 ef_construction 400,k=10; ef_search=16 (low leg),BUDGET-CAND:500,BUDGET-MEM:512MiB,1,ef-knob probe,16,0.0,0.0,0.0,0.0,0,REGISTERED-PLAN,ef knob low leg
C6-EFPROBE-004,SAFETY,W-EF,SYS-ADB,MODE-B,DS-NFCORPUS,PROBE,20,3-heads (TITLE/BODY/CITE 384-d),HNSW x3; m 16 ef_construction 400,k=10; ef_search=128 (high leg),BUDGET-CAND:500,BUDGET-MEM:512MiB,1,ef-knob probe,128,0.0,0.0,0.0,0.0,0,REGISTERED-PLAN,ef knob high leg
C6-SMOKE-SCI-AE-001,SAFETY,W-SMK,SYS-ADB,MODE-A,DS-SCIFACT,SMOKE,20,CANONICAL head (384-d),HNSW x1; m 16 ef_construction 400,k=10; ef_search=64,BUDGET-CAND:500,BUDGET-MEM:512MiB,1,harness smoke,64,0.0,0.0,0.0,0.0,0,REGISTERED-PLAN,c6pilot A arm smoke on SCI
C6-SMOKE-SCI-BE-001,SAFETY,W-SMK,SYS-ADB,MODE-B,DS-SCIFACT,SMOKE,20,3-heads (TITLE/BODY/CITE 384-d),HNSW x3; m 16 ef_construction 400,k=10; ef_search=64,BUDGET-CAND:500,BUDGET-MEM:512MiB,1,harness smoke,64,0.0,0.0,0.0,0.0,0,REGISTERED-PLAN,c6pilot B arm smoke on SCI
C6-SMOKE-SCI-CE-001,SAFETY,W-SMK,SYS-ADB,MODE-C,DS-SCIFACT,SMOKE,20,3-heads (TITLE/BODY/CITE 384-d),HNSW x3; m 16 ef_construction 400,k=10; ef_search=64; static equal split,BUDGET-CAND:500,BUDGET-MEM:512MiB,1,harness smoke,64,0.0,0.0,0.0,0.0,0,REGISTERED-PLAN,c6pilot C arm smoke on SCI (static equal)
C6-SMOKE-SCI-DE-001,SAFETY,W-SMK,SYS-ADB,MODE-D,DS-SCIFACT,SMOKE,20,3-heads (TITLE/BODY/CITE 384-d),HNSW x3; m 16 ef_construction 400,k=10; ef_search=64; query-adaptive,BUDGET-CAND:500,BUDGET-MEM:512MiB,1,harness smoke,64,0.0,0.0,0.0,0.0,0,REGISTERED-PLAN,c6pilot D arm smoke on SCI (query-adaptive)
C6-SMOKE-SCI-EE-001,SAFETY,W-SMK,SYS-ADB,MODE-E,DS-SCIFACT,SMOKE,20,3-heads (TITLE/BODY/CITE 384-d),HNSW x3; m 16 ef_construction 400,k=10; ef_search=64; stage1=0.3,BUDGET-CAND:500,BUDGET-MEM:512MiB,1,harness smoke,64,0.0,0.3,0.3,1.0,0,REGISTERED-PLAN,c6pilot E arm smoke on SCI (interaction-guided)
C6-SMOKE-SCI-FE-001,SAFETY,W-SMK,SYS-ADB,MODE-F,DS-SCIFACT,SMOKE,20,3-heads (TITLE/BODY/CITE 384-d),HNSW x3; m 16 ef_construction 400,k=10; ef_search=64; lambda=0.10 + interaction,BUDGET-CAND:500,BUDGET-MEM:512MiB,1,harness smoke,64,0.10,0.3,0.3,1.0,0,REGISTERED-PLAN,c6pilot F arm smoke on SCI (interaction + cross-refine)
C6-SMOKE-SCI-RE-001,SAFETY,W-SMK,SYS-ADB,MODE-RAND,DS-SCIFACT,SMOKE,20,3-heads (TITLE/BODY/CITE 384-d),HNSW x3; m 16 ef_construction 400,k=10; ef_search=64; randomized control,BUDGET-CAND:500,BUDGET-MEM:512MiB,1,harness smoke,64,0.0,0.0,0.0,0.0,20260925,REGISTERED-PLAN,c6pilot RAND arm smoke on SCI (negative control)
C6-SMOKE-NFC-AE-001,SAFETY,W-SMK,SYS-ADB,MODE-A,DS-NFCORPUS,SMOKE,20,CANONICAL head (384-d),HNSW x1; m 16 ef_construction 400,k=10; ef_search=64,BUDGET-CAND:500,BUDGET-MEM:512MiB,1,harness smoke,64,0.0,0.0,0.0,0.0,0,REGISTERED-PLAN,c6pilot A arm smoke on NFC
C6-SMOKE-NFC-BE-001,SAFETY,W-SMK,SYS-ADB,MODE-B,DS-NFCORPUS,SMOKE,20,3-heads (TITLE/BODY/CITE 384-d),HNSW x3; m 16 ef_construction 400,k=10; ef_search=64,BUDGET-CAND:500,BUDGET-MEM:512MiB,1,harness smoke,64,0.0,0.0,0.0,0.0,0,REGISTERED-PLAN,c6pilot B arm smoke on NFC
C6-SMOKE-NFC-CE-001,SAFETY,W-SMK,SYS-ADB,MODE-C,DS-NFCORPUS,SMOKE,20,3-heads (TITLE/BODY/CITE 384-d),HNSW x3; m 16 ef_construction 400,k=10; ef_search=64; static equal split,BUDGET-CAND:500,BUDGET-MEM:512MiB,1,harness smoke,64,0.0,0.0,0.0,0.0,0,REGISTERED-PLAN,c6pilot C arm smoke on NFC (static equal)
C6-SMOKE-NFC-DE-001,SAFETY,W-SMK,SYS-ADB,MODE-D,DS-NFCORPUS,SMOKE,20,3-heads (TITLE/BODY/CITE 384-d),HNSW x3; m 16 ef_construction 400,k=10; ef_search=64; query-adaptive,BUDGET-CAND:500,BUDGET-MEM:512MiB,1,harness smoke,64,0.0,0.0,0.0,0.0,0,REGISTERED-PLAN,c6pilot D arm smoke on NFC (query-adaptive)
C6-SMOKE-NFC-EE-001,SAFETY,W-SMK,SYS-ADB,MODE-E,DS-NFCORPUS,SMOKE,20,3-heads (TITLE/BODY/CITE 384-d),HNSW x3; m 16 ef_construction 400,k=10; ef_search=64; stage1=0.3,BUDGET-CAND:500,BUDGET-MEM:512MiB,1,harness smoke,64,0.0,0.3,0.3,1.0,0,REGISTERED-PLAN,c6pilot E arm smoke on NFC (interaction-guided)
C6-SMOKE-NFC-FE-001,SAFETY,W-SMK,SYS-ADB,MODE-F,DS-NFCORPUS,SMOKE,20,3-heads (TITLE/BODY/CITE 384-d),HNSW x3; m 16 ef_construction 400,k=10; ef_search=64; lambda=0.10 + interaction,BUDGET-CAND:500,BUDGET-MEM:512MiB,1,harness smoke,64,0.10,0.3,0.3,1.0,0,REGISTERED-PLAN,c6pilot F arm smoke on NFC (interaction + cross-refine)
C6-SMOKE-NFC-RE-001,SAFETY,W-SMK,SYS-ADB,MODE-RAND,DS-NFCORPUS,SMOKE,20,3-heads (TITLE/BODY/CITE 384-d),HNSW x3; m 16 ef_construction 400,k=10; ef_search=64; randomized control,BUDGET-CAND:500,BUDGET-MEM:512MiB,1,harness smoke,64,0.0,0.0,0.0,0.0,20260925,REGISTERED-PLAN,c6pilot RAND arm smoke on NFC (negative control)
C6-VAL-SCI-B-001,TUNE,W-VAL,SYS-ADB,MODE-B,DS-SCIFACT,VALID,200,3-heads (TITLE/BODY/CITE 384-d),HNSW x3; m 16 ef_construction 400,k=10; ef_search=64,BUDGET-CAND:500,BUDGET-MEM:512MiB,1,validation gate baseline,64,0.0,0.0,0.0,0.0,0,REGISTERED-PLAN,gate control for C6-D/E/F
C6-VAL-SCI-C-001,TUNE,W-VAL,SYS-ADB,MODE-C,DS-SCIFACT,VALID,200,3-heads (TITLE/BODY/CITE 384-d),HNSW x3; m 16 ef_construction 400,k=10; ef_search=64; static equal,BUDGET-CAND:500,BUDGET-MEM:512MiB,1,static equal baseline,64,0.0,0.0,0.0,0.0,0,REGISTERED-PLAN,static equal budget split on SCI VAL
C6-VAL-SCI-D-001,TUNE,W-VAL,SYS-ADB,MODE-D,DS-SCIFACT,VALID,200,3-heads (TITLE/BODY/CITE 384-d),HNSW x3; m 16 ef_construction 400,k=10; ef_search=64; query-adaptive,BUDGET-CAND:500,BUDGET-MEM:512MiB,1,query-adaptive tuning,64,0.0,0.0,0.0,0.0,0,REGISTERED-PLAN,query-adaptive allocation on SCI VAL
C6-VAL-SCI-E-001,TUNE,W-VAL,SYS-ADB,MODE-E,DS-SCIFACT,VALID,200,3-heads (TITLE/BODY/CITE 384-d),HNSW x3; m 16 ef_construction 400,k=10; ef_search=64; stage1=0.3,BUDGET-CAND:500,BUDGET-MEM:512MiB,1,interaction-guided tuning,64,0.0,0.3,0.3,1.0,0,REGISTERED-PLAN,interaction-guided on SCI VAL
C6-VAL-SCI-F-001,TUNE,W-VAL,SYS-ADB,MODE-F,DS-SCIFACT,VALID,200,3-heads (TITLE/BODY/CITE 384-d),HNSW x3; m 16 ef_construction 400,k=10; ef_search=64; lambda=0.10 + interaction,BUDGET-CAND:500,BUDGET-MEM:512MiB,1,full C6 tuning,64,0.10,0.3,0.3,1.0,0,REGISTERED-PLAN,C6-F (E + cross-refine) on SCI VAL
C6-VAL-SCI-RE-001,TUNE,W-VAL,SYS-ADB,MODE-RAND,DS-SCIFACT,VALID,200,3-heads (TITLE/BODY/CITE 384-d),HNSW x3; m 16 ef_construction 400,k=10; ef_search=64; randomized,BUDGET-CAND:500,BUDGET-MEM:512MiB,1,negative control,64,0.0,0.0,0.0,0.0,20260925,REGISTERED-PLAN,randomized control on SCI VAL
C6-VAL-NFC-B-001,TUNE,W-VAL,SYS-ADB,MODE-B,DS-NFCORPUS,VALID,324,3-heads (TITLE/BODY/CITE 384-d),HNSW x3; m 16 ef_construction 400,k=10; ef_search=64,BUDGET-CAND:500,BUDGET-MEM:512MiB,1,validation gate baseline,64,0.0,0.0,0.0,0.0,0,REGISTERED-PLAN,gate control for NFC
C6-VAL-NFC-C-001,TUNE,W-VAL,SYS-ADB,MODE-C,DS-NFCORPUS,VALID,324,3-heads (TITLE/BODY/CITE 384-d),HNSW x3; m 16 ef_construction 400,k=10; ef_search=64; static equal,BUDGET-CAND:500,BUDGET-MEM:512MiB,1,static equal baseline,64,0.0,0.0,0.0,0.0,0,REGISTERED-PLAN,static equal on NFC VAL
C6-VAL-NFC-D-001,TUNE,W-VAL,SYS-ADB,MODE-D,DS-NFCORPUS,VALID,324,3-heads (TITLE/BODY/CITE 384-d),HNSW x3; m 16 ef_construction 400,k=10; ef_search=64; query-adaptive,BUDGET-CAND:500,BUDGET-MEM:512MiB,1,query-adaptive tuning,64,0.0,0.0,0.0,0.0,0,REGISTERED-PLAN,query-adaptive on NFC VAL
C6-VAL-NFC-E-001,TUNE,W-VAL,SYS-ADB,MODE-E,DS-NFCORPUS,VALID,324,3-heads (TITLE/BODY/CITE 384-d),HNSW x3; m 16 ef_construction 400,k=10; ef_search=64; stage1=0.3,BUDGET-CAND:500,BUDGET-MEM:512MiB,1,interaction-guided tuning,64,0.0,0.3,0.3,1.0,0,REGISTERED-PLAN,interaction-guided on NFC VAL
C6-VAL-NFC-F-001,TUNE,W-VAL,SYS-ADB,MODE-F,DS-NFCORPUS,VALID,324,3-heads (TITLE/BODY/CITE 384-d),HNSW x3; m 16 ef_construction 400,k=10; ef_search=64; lambda=0.10 + interaction,BUDGET-CAND:500,BUDGET-MEM:512MiB,1,full C6 tuning,64,0.10,0.3,0.3,1.0,0,REGISTERED-PLAN,C6-F (E + cross-refine) on NFC VAL
C6-VAL-NFC-RE-001,TUNE,W-VAL,SYS-ADB,MODE-RAND,DS-NFCORPUS,VALID,324,3-heads (TITLE/BODY/CITE 384-d),HNSW x3; m 16 ef_construction 400,k=10; ef_search=64; randomized,BUDGET-CAND:500,BUDGET-MEM:512MiB,1,negative control,64,0.0,0.0,0.0,0.0,20260925,REGISTERED-PLAN,randomized control on NFC VAL
C6-TEST-SCI-A-001,TRK-A,W-T1,SYS-ADB,MODE-A,DS-SCIFACT,TEST,300,CANONICAL head (384-d),HNSW x1; m 16 ef_construction 400,k=10; ef_search=64,BUDGET-CAND:500,BUDGET-MEM:512MiB,5,frozen TEST,64,0.0,0.0,0.0,0.0,0,REGISTERED-PLAN,primary; vs B
C6-TEST-SCI-B-001,TRK-A,W-T1,SYS-ADB,MODE-B,DS-SCIFACT,TEST,300,3-heads (TITLE/BODY/CITE 384-d),HNSW x3; m 16 ef_construction 400,k=10; ef_search=64,BUDGET-CAND:500,BUDGET-MEM:512MiB,5,frozen TEST,64,0.0,0.0,0.0,0.0,0,REGISTERED-PLAN,primary control; == C5-B candidate semantics
C6-TEST-SCI-C-001,TRK-A,W-T1,SYS-ADB,MODE-C,DS-SCIFACT,TEST,300,3-heads (TITLE/BODY/CITE 384-d),HNSW x3; m 16 ef_construction 400,k=10; static equal split,BUDGET-CAND:500,BUDGET-MEM:512MiB,5,frozen TEST,64,0.0,0.0,0.0,0.0,0,REGISTERED-PLAN,static equal budget arm
C6-TEST-SCI-D-001,TRK-A,W-T1,SYS-ADB,MODE-D,DS-SCIFACT,TEST,300,3-heads (TITLE/BODY/CITE 384-d),HNSW x3; m 16 ef_construction 400,k=10; query-adaptive,BUDGET-CAND:500,BUDGET-MEM:512MiB,5,frozen TEST,64,0.0,0.0,0.0,0.0,0,REGISTERED-PLAN,query-adaptive arm
C6-TEST-SCI-E-001,TRK-A,W-T1,SYS-ADB,MODE-E,DS-SCIFACT,TEST,300,3-heads (TITLE/BODY/CITE 384-d),HNSW x3; m 16 ef_construction 400,k=10; interaction-guided (stage1=0.3),BUDGET-CAND:500,BUDGET-MEM:512MiB,5,frozen TEST,64,0.0,0.3,0.3,1.0,0,REGISTERED-PLAN,interaction-guided arm
C6-TEST-SCI-F-001,TRK-A,W-T1,SYS-ADB,MODE-F,DS-SCIFACT,TEST,300,3-heads (TITLE/BODY/CITE 384-d),HNSW x3; m 16 ef_construction 400,k=10; lambda=0.10 + interaction,BUDGET-CAND:500,BUDGET-MEM:512MiB,5,frozen TEST,64,0.10,0.3,0.3,1.0,0,REGISTERED-PLAN,interaction + cross-refine arm
C6-TEST-SCI-RE-001,TRK-A,W-T1,SYS-ADB,MODE-RAND,DS-SCIFACT,TEST,300,3-heads (TITLE/BODY/CITE 384-d),HNSW x3; m 16 ef_construction 400,k=10; randomized control,BUDGET-CAND:500,BUDGET-MEM:512MiB,5,frozen TEST,64,0.0,0.0,0.0,0.0,20260925,REGISTERED-PLAN,negative control arm
C6-TEST-NFC-A-001,TRK-A,W-T1,SYS-ADB,MODE-A,DS-NFCORPUS,TEST,323,CANONICAL head (384-d),HNSW x1; m 16 ef_construction 400,k=10; ef_search=64,BUDGET-CAND:500,BUDGET-MEM:512MiB,5,frozen TEST,64,0.0,0.0,0.0,0.0,0,REGISTERED-PLAN,primary; vs B
C6-TEST-NFC-B-001,TRK-A,W-T1,SYS-ADB,MODE-B,DS-NFCORPUS,TEST,323,3-heads (TITLE/BODY/CITE 384-d),HNSW x3; m 16 ef_construction 400,k=10; ef_search=64,BUDGET-CAND:500,BUDGET-MEM:512MiB,5,frozen TEST,64,0.0,0.0,0.0,0.0,0,REGISTERED-PLAN,primary control; == C5-B candidate semantics on NFC
C6-TEST-NFC-C-001,TRK-A,W-T1,SYS-ADB,MODE-C,DS-NFCORPUS,TEST,323,3-heads (TITLE/BODY/CITE 384-d),HNSW x3; m 16 ef_construction 400,k=10; static equal split,BUDGET-CAND:500,BUDGET-MEM:512MiB,5,frozen TEST,64,0.0,0.0,0.0,0.0,0,REGISTERED-PLAN,static equal budget arm on NFC
C6-TEST-NFC-D-001,TRK-A,W-T1,SYS-ADB,MODE-D,DS-NFCORPUS,TEST,323,3-heads (TITLE/BODY/CITE 384-d),HNSW x3; m 16 ef_construction 400,k=10; query-adaptive,BUDGET-CAND:500,BUDGET-MEM:512MiB,5,frozen TEST,64,0.0,0.0,0.0,0.0,0,REGISTERED-PLAN,query-adaptive arm on NFC
C6-TEST-NFC-E-001,TRK-A,W-T1,SYS-ADB,MODE-E,DS-NFCORPUS,TEST,323,3-heads (TITLE/BODY/CITE 384-d),HNSW x3; m 16 ef_construction 400,k=10; interaction-guided (stage1=0.3),BUDGET-CAND:500,BUDGET-MEM:512MiB,5,frozen TEST,64,0.0,0.3,0.3,1.0,0,REGISTERED-PLAN,interaction-guided arm on NFC
C6-TEST-NFC-F-001,TRK-A,W-T1,SYS-ADB,MODE-F,DS-NFCORPUS,TEST,323,3-heads (TITLE/BODY/CITE 384-d),HNSW x3; m 16 ef_construction 400,k=10; lambda=0.10 + interaction,BUDGET-CAND:500,BUDGET-MEM:512MiB,5,frozen TEST,64,0.10,0.3,0.3,1.0,0,REGISTERED-PLAN,interaction + cross-refine arm on NFC
C6-TEST-NFC-RE-001,TRK-A,W-T1,SYS-ADB,MODE-RAND,DS-NFCORPUS,TEST,323,3-heads (TITLE/BODY/CITE 384-d),HNSW x3; m 16 ef_construction 400,k=10; randomized control,BUDGET-CAND:500,BUDGET-MEM:512MiB,5,frozen TEST,64,0.0,0.0,0.0,0.0,20260925,REGISTERED-PLAN,negative control arm on NFC