qid,qtype,rank,doc_idx
0,title,1,9889
0,title,2,9705
0,title,3,6904
0,title,4,7789
0,title,5,8062
0,title,6,7811
0,title,7,9695
0,title,8,344
0,title,9,8378
0,title,10,3776
1,title,1,9364
1,title,2,1833
1,title,3,3160
1,title,4,9336
1,title,5,6570
1,title,6,6808
1,title,7,4213
1,title,8,49
1,title,9,7915
1,title,10,4576
2,title,1,9312
2,title,2,9582
2,title,3,4557
2,title,4,9475
2,title,5,9452
2,title,6,9551
2,title,7,9254
2,title,8,7827
2,title,9,3313
2,title,10,9367
3,title,1,2635
3,title,2,5199
3,title,3,3488
3,title,4,6359
3,title,5,5646
3,title,6,3455
3,title,7,5016
3,title,8,2715
3,title,9,6216
3,title,10,9463
4,title,1,1282
4,title,2,9511
4,title,3,3511
4,title,4,9262
4,title,5,8891
4,title,6,5060
4,title,7,4058
4,title,8,5406
4,title,9,4150
4,title,10,3292
5,title,1,1384
5,title,2,115
5,title,3,952
5,title,4,90
5,title,5,555
5,title,6,2674
5,title,7,4082
5,title,8,5391
5,title,9,5896
5,title,10,8610
6,title,1,6671
6,title,2,9705
6,title,3,7988
6,title,4,2351
6,title,5,2269
6,title,6,1680
6,title,7,8012
6,title,8,2313
6,title,9,4307
6,title,10,1790
7,title,1,694
7,title,2,9890
7,title,3,5298
7,title,4,2945
7,title,5,9048
7,title,6,9920
7,title,7,9591
7,title,8,396
7,title,9,9886
7,title,10,1129
8,title,1,9304
8,title,2,3124
8,title,3,3958
8,title,4,9296
8,title,5,5873
8,title,6,9328
8,title,7,813
8,title,8,698
8,title,9,9832
8,title,10,9909
9,title,1,913
9,title,2,900
9,title,3,1193
9,title,4,1120
9,title,5,7029
9,title,6,7316
9,title,7,7796
9,title,8,4724
9,title,9,6811
9,title,10,4678
10,title,1,8848
10,title,2,6642
10,title,3,6753
10,title,4,46
10,title,5,6217
10,title,6,1625
10,title,7,8677
10,title,8,4899
10,title,9,8669
10,title,10,6017
11,title,1,5805
11,title,2,2006
11,title,3,2993
11,title,4,2338
11,title,5,5905
11,title,6,4546
11,title,7,5638
11,title,8,2237
11,title,9,1739
11,title,10,6890
12,title,1,2512
12,title,2,502
12,title,3,9898
12,title,4,7184
12,title,5,1251
12,title,6,3357
12,title,7,6645
12,title,8,3517
12,title,9,1259
12,title,10,606
13,title,1,1048
13,title,2,1053
13,title,3,2099
13,title,4,2667
13,title,5,1541
13,title,6,1445
13,title,7,1462
13,title,8,974
13,title,9,1734
13,title,10,2211
14,title,1,1383
14,title,2,1847
14,title,3,1871
14,title,4,1209
14,title,5,955
14,title,6,2762
14,title,7,2103
14,title,8,2793
14,title,9,2516
14,title,10,2641
15,title,1,1778
15,title,2,1740
15,title,3,2136
15,title,4,1808
15,title,5,2455
15,title,6,2354
15,title,7,1717
15,title,8,902
15,title,9,3733
15,title,10,3784
16,title,1,3914
16,title,2,1772
16,title,3,349
16,title,4,6115
16,title,5,2841
16,title,6,9924
16,title,7,4224
16,title,8,2891
16,title,9,4020
16,title,10,2822
17,title,1,1653
17,title,2,2164
17,title,3,2926
17,title,4,5094
17,title,5,5642
17,title,6,1496
17,title,7,5597
17,title,8,9636
17,title,9,7907
17,title,10,4324
18,title,1,1722
18,title,2,6976
18,title,3,2340
18,title,4,894
18,title,5,1776
18,title,6,9514
18,title,7,3622
18,title,8,3244
18,title,9,3602
18,title,10,9283
19,title,1,9768
19,title,2,4546
19,title,3,5638
19,title,4,2258
19,title,5,2515
19,title,6,9377
19,title,7,9376
19,title,8,6225
19,title,9,6637
19,title,10,1666
20,title,1,857
20,title,2,1305
20,title,3,8073
20,title,4,6063
20,title,5,8054
20,title,6,1205
20,title,7,6429
20,title,8,8083
20,title,9,91
20,title,10,1161
21,title,1,2421
21,title,2,3256
21,title,3,4883
21,title,4,3662
21,title,5,7916
21,title,6,7386
21,title,7,959
21,title,8,4035
21,title,9,4020
21,title,10,1143
22,body,1,6023
22,body,2,3024
22,body,3,3091
22,body,4,3183
22,body,5,3283
22,body,6,3088
22,body,7,3342
22,body,8,5683
22,body,9,3133
22,body,10,3236
23,body,1,4506
23,body,2,3557
23,body,3,2544
23,body,4,4096
23,body,5,4219
23,body,6,5811
23,body,7,455
23,body,8,3027
23,body,9,3882
23,body,10,5921
24,body,1,1897
24,body,2,5567
24,body,3,6514
24,body,4,3525
24,body,5,3415
24,body,6,6187
24,body,7,8773
24,body,8,3524
24,body,9,745
24,body,10,2369
25,body,1,2653
25,body,2,3025
25,body,3,2833
25,body,4,9666
25,body,5,3200
25,body,6,9464
25,body,7,1320
25,body,8,4506
25,body,9,9598
25,body,10,5811
26,body,1,5226
26,body,2,4127
26,body,3,4917
26,body,4,5520
26,body,5,4473
26,body,6,5369
26,body,7,8664
26,body,8,5123
26,body,9,5806
26,body,10,3854
27,body,1,3233
27,body,2,3050
27,body,3,3052
27,body,4,882
27,body,5,9786
27,body,6,5984
27,body,7,3972
27,body,8,4502
27,body,9,4420
27,body,10,2633
28,body,1,8400
28,body,2,5593
28,body,3,4578
28,body,4,5741
28,body,5,7151
28,body,6,3227
28,body,7,847
28,body,8,7164
28,body,9,9722
28,body,10,7442
29,body,1,3610
29,body,2,1217
29,body,3,460
29,body,4,6815
29,body,5,7053
29,body,6,6805
29,body,7,5471
29,body,8,4565
29,body,9,4718
29,body,10,4606
30,body,1,3823
30,body,2,3615
30,body,3,696
30,body,4,701
30,body,5,8208
30,body,6,9018
30,body,7,8005
30,body,8,9154
30,body,9,8865
30,body,10,8890
31,body,1,3949
31,body,2,3946
31,body,3,3929
31,body,4,3990
31,body,5,3862
31,body,6,3837
31,body,7,3891
31,body,8,2672
31,body,9,4930
31,body,10,4740
32,body,1,677
32,body,2,5472
32,body,3,1309
32,body,4,2760
32,body,5,656
32,body,6,5713
32,body,7,3021
32,body,8,6891
32,body,9,4306
32,body,10,6642
33,body,1,4724
33,body,2,4678
33,body,3,7029
33,body,4,5604
33,body,5,5487
33,body,6,7545
33,body,7,5723
33,body,8,6811
33,body,9,7316
33,body,10,900
34,body,1,5119
34,body,2,4531
34,body,3,5050
34,body,4,7713
34,body,5,504
34,body,6,6757
34,body,7,9640
34,body,8,7571
34,body,9,8079
34,body,10,2700
35,body,1,2703
35,body,2,3541
35,body,3,3514
35,body,4,4649
35,body,5,4864
35,body,6,5974
35,body,7,6590
35,body,8,4370
35,body,9,4748
35,body,10,6594
36,body,1,3960
36,body,2,3945
36,body,3,7
36,body,4,3944
36,body,5,2320
36,body,6,4094
36,body,7,9519
36,body,8,8049
36,body,9,1579
36,body,10,1129
37,body,1,1866
37,body,2,2045
37,body,3,1281
37,body,4,1806
37,body,5,1644
37,body,6,1638
37,body,7,295
37,body,8,8487
37,body,9,5288
37,body,10,6399
38,body,1,2156
38,body,2,1822
38,body,3,4567
38,body,4,2225
38,body,5,4536
38,body,6,1067
38,body,7,1210
38,body,8,6937
38,body,9,3021
38,body,10,472
39,body,1,4290
39,body,2,4256
39,body,3,5315
39,body,4,4810
39,body,5,7863
39,body,6,4179
39,body,7,5039
39,body,8,7313
39,body,9,4141
39,body,10,4326
40,mixed,1,4632
40,mixed,2,4512
40,mixed,3,3753
40,mixed,4,3731
40,mixed,5,3501
40,mixed,6,4791
40,mixed,7,5160
40,mixed,8,5134
40,mixed,9,2093
40,mixed,10,7369
41,mixed,1,8982
41,mixed,2,5168
41,mixed,3,6052
41,mixed,4,5266
41,mixed,5,6172
41,mixed,6,9252
41,mixed,7,2188
41,mixed,8,5050
41,mixed,9,8457
41,mixed,10,3314
42,mixed,1,4647
42,mixed,2,9487
42,mixed,3,2673
42,mixed,4,9433
42,mixed,5,5146
42,mixed,6,5245
42,mixed,7,106
42,mixed,8,1839
42,mixed,9,6345
42,mixed,10,2919
43,mixed,1,703
43,mixed,2,5259
43,mixed,3,6995
43,mixed,4,2505
43,mixed,5,2767
43,mixed,6,2694
43,mixed,7,1800
43,mixed,8,1435
43,mixed,9,7198
43,mixed,10,6092
44,mixed,1,5811
44,mixed,2,3882
44,mixed,3,3869
44,mixed,4,5407
44,mixed,5,5470
44,mixed,6,5324
44,mixed,7,4727
44,mixed,8,5772
44,mixed,9,5687
44,mixed,10,5660
45,mixed,1,8767
45,mixed,2,8729
45,mixed,3,2830
45,mixed,4,9009
45,mixed,5,8983
45,mixed,6,8930
45,mixed,7,2000
45,mixed,8,7424
45,mixed,9,3014
45,mixed,10,8690
46,mixed,1,5851
46,mixed,2,1272
46,mixed,3,6008
46,mixed,4,1729
46,mixed,5,2086
46,mixed,6,2764
46,mixed,7,3207
46,mixed,8,3361
46,mixed,9,2941
46,mixed,10,2019
47,mixed,1,6306
47,mixed,2,5429
47,mixed,3,8384
47,mixed,4,4388
47,mixed,5,4729
47,mixed,6,1202
47,mixed,7,8664
47,mixed,8,8920
47,mixed,9,1250
47,mixed,10,746
48,mixed,1,5989
48,mixed,2,6081
48,mixed,3,5610
48,mixed,4,5706
48,mixed,5,6242
48,mixed,6,5616
48,mixed,7,5618
48,mixed,8,5828
48,mixed,9,5809
48,mixed,10,5918
49,mixed,1,6687
49,mixed,2,5979
49,mixed,3,5722
49,mixed,4,5811
49,mixed,5,2453
49,mixed,6,5308
49,mixed,7,679
49,mixed,8,6262
49,mixed,9,5882
49,mixed,10,3882
50,mixed,1,6894
50,mixed,2,6761
50,mixed,3,7203
50,mixed,4,576
50,mixed,5,1071
50,mixed,6,4844
50,mixed,7,6644
50,mixed,8,8506
50,mixed,9,3746
50,mixed,10,6008
51,mixed,1,6349
51,mixed,2,9086
51,mixed,3,8994
51,mixed,4,1522
51,mixed,5,9667
51,mixed,6,1616
51,mixed,7,5512
51,mixed,8,9488
51,mixed,9,7555
51,mixed,10,1525
52,mixed,1,6640
52,mixed,2,6822
52,mixed,3,560
52,mixed,4,6424
52,mixed,5,6775
52,mixed,6,6958
52,mixed,7,6801
52,mixed,8,7226
52,mixed,9,9928
52,mixed,10,9961
53,mixed,1,6761
53,mixed,2,6894
53,mixed,3,7203
53,mixed,4,4844
53,mixed,5,6644
53,mixed,6,3746
53,mixed,7,6008
53,mixed,8,6629
53,mixed,9,5728
53,mixed,10,8271
54,mixed,1,6894
54,mixed,2,6761
54,mixed,3,7203
54,mixed,4,6994
54,mixed,5,6439
54,mixed,6,8347
54,mixed,7,3888
54,mixed,8,2339
54,mixed,9,1737
54,mixed,10,2642
55,mixed,1,6587
55,mixed,2,4419
55,mixed,3,9143
55,mixed,4,3057
55,mixed,5,105
55,mixed,6,675
55,mixed,7,9447
55,mixed,8,4270
55,mixed,9,4510
55,mixed,10,5697
56,mixed,1,736
56,mixed,2,6627
56,mixed,3,8585
56,mixed,4,3560
56,mixed,5,7670
56,mixed,6,8930
56,mixed,7,7299
56,mixed,8,7076
56,mixed,9,8570
56,mixed,10,492
57,mixed,1,3852
57,mixed,2,386
57,mixed,3,387
57,mixed,4,8621
57,mixed,5,8637
57,mixed,6,9254
57,mixed,7,9367
57,mixed,8,1087
57,mixed,9,2563
57,mixed,10,3346
58,mixed,1,8494
58,mixed,2,7174
58,mixed,3,1553
58,mixed,4,730
58,mixed,5,1288
58,mixed,6,1071
58,mixed,7,909
58,mixed,8,9564
58,mixed,9,1712
58,mixed,10,6894
59,mixed,1,9305
59,mixed,2,5072
59,mixed,3,4802
59,mixed,4,9473
59,mixed,5,8030
59,mixed,6,4151
59,mixed,7,3358
59,mixed,8,9099
59,mixed,9,1533
59,mixed,10,2392
60,mixed,1,7752
60,mixed,2,7872
60,mixed,3,5265
60,mixed,4,8993
60,mixed,5,9175
60,mixed,6,8689
60,mixed,7,8379
60,mixed,8,9768
60,mixed,9,8346
60,mixed,10,8366
