0.2,1,mapper,999,999,1,1001,store,1,1000,1,1000,txn,0,0
0.2,1,coll,bench,1,1,vs,1000,bm25t,1000,1998,bmdl,999,idfc,0
2.2,9294,mapper,512,512,4891,5404,store,840,482,2,1000,txn,0,0
2.2,9294,coll,bench,1,4891,vs,5403,bm25t,513,1024,bmdl,512,idfc,0
4.2,16647,mapper,509,509,8569,9079,store,948,487,3,1000,txn,0,0
4.2,16647,coll,bench,1,8569,vs,9078,bm25t,510,1018,bmdl,509,idfc,0
6.2,22903,mapper,503,503,11700,12204,store,649,513,1,1000,txn,0,0
6.2,22903,coll,bench,1,11700,vs,12203,bm25t,504,1006,bmdl,503,idfc,0
8.2,29491,mapper,511,511,14990,15502,store,557,488,2,1000,txn,0,0
8.2,29491,coll,bench,1,14990,vs,15501,bm25t,512,1022,bmdl,511,idfc,0
10.2,36179,mapper,509,509,18335,18845,store,999,488,2,1000,txn,0,0
10.2,36179,coll,bench,1,18335,vs,18844,bm25t,510,1018,bmdl,509,idfc,0
12.2,42284,mapper,498,498,21393,21892,store,980,520,3,1000,txn,0,0
12.2,42284,coll,bench,1,21393,vs,21891,bm25t,499,996,bmdl,498,idfc,0
14.2,47111,mapper,481,481,23815,24297,store,628,487,1,1000,txn,0,0
14.2,47111,coll,bench,1,23815,vs,24296,bm25t,482,962,bmdl,481,idfc,0
16.2,52909,mapper,491,491,26709,27201,store,997,487,1,1000,txn,0,0
16.2,52909,coll,bench,1,26709,vs,27200,bm25t,492,982,bmdl,491,idfc,0
18.2,58376,mapper,494,494,29441,29936,store,965,502,2,1000,txn,0,0
18.2,58376,coll,bench,1,29441,vs,29935,bm25t,495,988,bmdl,494,idfc,0
18.9,60000,mapper,506,506,30247,30754,store,993,502,2,1000,txn,0,0
18.9,60000,coll,bench,1,30247,vs,30753,bm25t,507,1012,bmdl,506,idfc,0