checkpoint,elapsed_s,rss_mb,peak_rss_mb,anon_mb,file_mb,engine_dir_bytes,wal_bytes,data_bytes,meta_bytes,index_bytes,other_bytes,docs_inserted
A_process_start,0.0,6.2,8.8,3.3,0.0,0,0,0,0,0,0,0
B_dataset_loaded,0.1,55.0,55.0,52.2,0.0,0,0,0,0,0,0,0
C_engine_init,0.1,55.0,55.0,52.2,0.0,0,0,0,0,0,0,0
D_collection_created,0.1,56.0,56.0,52.4,0.0,367,0,0,348,0,19,0
E_insert_curve,2.2,99.9,99.9,96.1,0.0,9143538,4587450,4555721,348,0,19,1000
E_insert_curve,6.6,135.0,135.0,131.3,0.0,18289194,9178290,9110537,348,0,19,2000
E_insert_curve,12.5,169.5,169.5,165.7,0.0,27420119,13761771,13657981,348,0,19,3000
E_insert_curve,19.6,238.5,251.7,234.7,0.0,36564128,18351744,0,348,0,18212036,4000
E_insert_curve,27.3,239.5,251.7,235.8,0.0,45697843,22936612,4548847,348,0,18212036,5000
E_insert_curve,35.8,271.0,271.0,267.3,0.0,54836243,27523810,9100049,348,0,18212036,6000
E_insert_curve,45.2,364.6,391.6,361.0,0.0,63953043,32100253,0,348,0,31852442,7000
E_insert_curve,55.1,365.1,391.6,361.4,0.0,73074932,36679185,4542957,348,0,31852442,8000
E_insert_curve,65.9,372.1,391.6,368.3,0.0,82191607,41255520,9083297,348,0,31852442,9000
E_insert_curve,77.7,488.3,531.6,484.5,0.0,91321082,45838329,0,348,0,45482405,10000
F_inserts_done_hnsw_inline,77.7,488.3,531.6,484.5,0.0,91321082,45838329,0,348,0,45482405,10000
G_after_flush,77.7,488.3,531.6,484.5,0.0,91325537,45842784,0,348,0,45482405,10000
G2_after_checkpoint,77.7,488.3,531.6,484.5,0.0,46003145,0,0,696,0,46002449,10000
H_bm25_queried,77.7,488.3,531.6,484.5,0.0,46003145,0,0,696,0,46002449,10000
I_gating_model_loaded,77.7,488.3,531.6,484.5,0.0,46003145,0,0,696,0,46002449,10000
J_steady_state,78.7,488.3,531.6,484.5,0.0,46003145,0,0,696,0,46002449,10000
K_after_engine_drop,79.0,474.8,531.6,471.0,0.0,0,0,0,0,0,0,10000
