experiment,tier,arm,seed,R@1,R@5,R@10,NDCG@10,MRR,R@10_std
PH3B-COMP-001,S-512,global_best_single,agg,0.0557,0.2344,0.4033,0.4397,0.6080,0.0000
PH3B-COMP-001,S-512,uniform_multihead,agg,0.0721,0.2525,0.3885,0.4569,0.8025,0.0000
PH3B-COMP-001,S-512,trained_gating,42,0.0754,0.3443,0.6426,0.6674,0.7965,0.0000
PH3B-COMP-001,S-512,trained_gating,7,0.0836,0.3672,0.6443,0.6861,0.8581,0.0000
PH3B-COMP-001,S-512,trained_gating,1,0.0754,0.3459,0.6475,0.6722,0.8020,0.0000
PH3B-COMP-001,S-512,trained_gating,agg,0.0781,0.3525,0.6448,0.6752,0.8189,0.0025
PH3B-COMP-001,S-512,bm25,agg,0.0393,0.1328,0.1787,0.2245,0.4533,0.0000
PH3B-COMP-001,S-512,hybrid_rrf_k60,agg,0.0525,0.1984,0.3131,0.3590,0.6088,0.0000
PH3B-COMP-001,S-512,hybrid_engine,agg,0.0541,0.2148,0.3197,0.3706,0.6220,0.0000
PH3B-COMP-001,S-512,oracle_head_empirical,agg,0.1000,0.5000,0.9672,0.9790,1.0000,0.0000
PH3B-COMP-001,S-512,oracle_head_group,agg,0.1000,0.5000,0.9672,0.9790,1.0000,0.0000
PH3B-COMP-001,S-512,exact_reference,agg,0.1000,0.5000,1.0000,1.0000,1.0000,0.0000
PH3B-COMP-002-D256,M20-256,global_best_single,agg,0.0556,0.2395,0.4333,0.4587,0.5797,0.0000
PH3B-COMP-002-D256,M20-256,uniform_multihead,agg,0.0605,0.2284,0.3580,0.4069,0.7373,0.0000
PH3B-COMP-002-D256,M20-256,trained_gating,42,0.0753,0.3370,0.6148,0.6460,0.7876,0.0000
PH3B-COMP-002-D256,M20-256,trained_gating,7,0.0741,0.3235,0.5840,0.6149,0.7655,0.0000
PH3B-COMP-002-D256,M20-256,trained_gating,1,0.0753,0.3370,0.6074,0.6390,0.7890,0.0000
PH3B-COMP-002-D256,M20-256,trained_gating,agg,0.0749,0.3325,0.6021,0.6333,0.7807,0.0161
PH3B-COMP-002-D256,M20-256,bm25,agg,0.0432,0.1235,0.1716,0.2200,0.4887,0.0000
PH3B-COMP-002-D256,M20-256,hybrid_rrf_k60,agg,0.0506,0.1778,0.2802,0.3256,0.5800,0.0000
PH3B-COMP-002-D256,M20-256,hybrid_engine,agg,0.0494,0.1802,0.3000,0.3370,0.5554,0.0000
PH3B-COMP-002-D256,M20-256,oracle_head_empirical,agg,0.1000,0.5000,0.9481,0.9667,1.0000,0.0000
PH3B-COMP-002-D256,M20-256,oracle_head_group,agg,0.1000,0.5000,0.9481,0.9667,1.0000,0.0000
PH3B-COMP-002-D256,M20-256,exact_reference,agg,0.1000,0.5000,1.0000,1.0000,1.0000,0.0000
PH3B-COMP-003,S-512-rerun,global_best_single,agg,0.0557,0.2344,0.4066,0.4421,0.6107,0.0000
PH3B-COMP-003,S-512-rerun,uniform_multihead,agg,0.0738,0.2525,0.4115,0.4745,0.8215,0.0000
PH3B-COMP-003,S-512-rerun,trained_gating,42,0.0754,0.3508,0.6492,0.6743,0.7933,0.0000
PH3B-COMP-003,S-512-rerun,trained_gating,agg,0.0754,0.3508,0.6492,0.6743,0.7933,0.0000
PH3B-COMP-003,S-512-rerun,bm25,agg,0.0393,0.1328,0.1787,0.2245,0.4533,0.0000
PH3B-COMP-003,S-512-rerun,hybrid_rrf_k60,agg,0.0541,0.2000,0.3115,0.3599,0.6195,0.0000
PH3B-COMP-003,S-512-rerun,hybrid_engine,agg,0.0574,0.2115,0.3197,0.3722,0.6376,0.0000
PH3B-COMP-003,S-512-rerun,oracle_head_empirical,agg,0.1000,0.5000,0.9672,0.9788,1.0000,0.0000
PH3B-COMP-003,S-512-rerun,oracle_head_group,agg,0.1000,0.5000,0.9672,0.9788,1.0000,0.0000
PH3B-COMP-003,S-512-rerun,exact_reference,agg,0.1000,0.5000,1.0000,1.0000,1.0000,0.0000
