run,readers,writers,queries,p50_us,p95_us,p99_us,qps,errors,checker_clean,checker_warnings,live_docs
PH3D-CONC-001,1,0,54096,67.9,97.4,127.9,13518,0,true,0,300
PH3D-CONC-001,2,0,86503,86.9,116.7,145.2,21619,0,true,0,300
PH3D-CONC-001,4,0,89720,84.9,106.6,8118.6,22422,0,true,0,300
PH3D-CONC-001,8,0,87735,84.9,126.2,12148.1,21920,0,true,0,300
PH3D-CONC-001,16,0,84685,88.3,128.7,28161.4,21158,0,true,0,300
PH3D-CONC-001,32,0,90212,83.8,109.0,60153.9,22534,0,true,0,300
PH3D-CONC-002,1,1,5412,753.5,1338.6,1759.9,1353,0,true,3659,4484
PH3D-CONC-002,2,1,7330,1081.3,2386.7,3042.6,1832,0,true,3453,4248
PH3D-CONC-002,4,1,69828,68.5,602.6,4647.4,17431,0,true,1178,1648
PH3D-CONC-002,4,2,65338,65.4,1123.0,4705.9,16329,0,true,1590,2119
PH3D-CONC-002,8,2,75032,66.2,2239.3,8803.9,18744,0,true,1153,1619
PH3D-CONC-002,16,4,74438,69.3,4591.6,14241.8,18497,0,true,1115,1580
PH3D-CONC-003,replay_exact_state,true,docs=450
PH3D-CONC-003,replay_checker,true,
PH3D-CONC-003,contention_atomic_records,true,torn=0 missing=0
PH3D-CONC-003,contention_checker,true,
