mode,variant,rep,acked,recovered,acked_lost,unacked_survived,expected_lost,match
sync,self,0,75,75,0,0,0,MATCH
sync,self,1,75,75,0,0,0,MATCH
sync,self,2,75,75,0,0,0,MATCH
sync,mid,0,75,75,0,0,0,MATCH
sync,mid,1,75,75,0,0,0,MATCH
sync,mid,2,75,75,0,0,0,MATCH
group,self,0,75,75,0,0,0,MATCH
group,self,1,75,75,0,0,0,MATCH
group,self,2,75,75,0,0,0,MATCH
group,mid,0,75,75,0,0,0,MATCH
group,mid,1,75,75,0,0,0,MATCH
group,mid,2,75,75,0,0,0,MATCH
async,self,0,75,71,4,0,ANY,MATCH
async,self,1,75,71,4,0,ANY,MATCH
async,self,2,75,71,4,0,ANY,MATCH
async,mid,0,75,71,4,0,ANY,MATCH
async,mid,1,75,71,4,0,ANY,MATCH
async,mid,2,75,71,4,0,ANY,MATCH
