experiment,heads,dim,n_docs,status,raw_vector_mb,peak_rss_mb,steady_rss_mb,engine_multiplier,build_seconds,engine_dir_mb,last_rss_mb,last_peak_mb
PH3C-MEM-001,3,512,10000,COMPLETED,58.6,859.5,649.7,14.67,133.1,80.5,,
PH3C-MEM-002-C5K,3,512,5000,COMPLETED,29.3,506.7,459.9,17.29,42.1,40.3,,
PH3C-MEM-002-C15K,3,512,15000,COMPLETED,87.9,1182.3,938.8,13.45,237.2,120.7,,
PH3C-MEM-002-C20K,3,512,20000,FAILED-OOM,,,,,,302571867,1134.7,1409.8
PH3C-MEM-002-H1-512,1,512,10000,COMPLETED,19.5,350.7,331.8,17.96,38.5,31.5,,
PH3C-MEM-002-H2-512,2,512,10000,COMPLETED,39.1,596.4,447.2,15.27,76.9,56.0,,
PH3C-MEM-002-H4-512,4,512,10000,COMPLETED,78.1,1091.8,811.8,13.98,130.5,105.0,,
PH3C-MEM-002-H8-512,8,512,10000,FAILED-OOM,,,,,,382472444,1360.6,1512.7
PH3C-MEM-002-H8-512-5K,8,512,5000,COMPLETED,78.1,960.1,828.9,12.29,134.6,101.5,,
PH3C-MEM-002-H1-256,1,256,10000,COMPLETED,9.8,242.2,210.7,24.81,27.3,19.3,,
PH3C-MEM-002-H2-256,2,256,10000,COMPLETED,19.5,384.6,342.0,19.69,50.1,31.6,,
PH3C-MEM-002-H4-256,4,256,10000,COMPLETED,39.1,655.8,480.3,16.79,81.8,56.2,,
PH3C-MEM-002-H8-256,8,256,10000,COMPLETED,78.1,1210.8,1029.8,15.50,248.2,105.3,,
PH3C-MEM-002-D128,3,128,10000,COMPLETED,14.6,361.5,323.9,24.68,56.2,25.6,,
PH3C-MEM-002-D256,3,256,10000,COMPLETED,29.3,531.6,474.8,18.15,77.5,43.9,,
PH3C-MEM-002-BUDGET-1H-30K,1,512,30000,COMPLETED,58.6,941.2,742.6,16.06,186.4,94.4,,
PH3C-MEM-002-BUDGET-2H-20K,2,512,20000,COMPLETED,78.1,1151.9,859.8,14.74,226.6,112.0,,
