seq,label,wal_n,wal_b,sst_n,sst_b,meta_n,tmp_orphans,db_bytes,hash
1000,e8e-c0,201,482977,1,157902,1,0,644894,0000000000000000
2000,e8e-c1,203,474914,1,327166,1,0,828531,0000000000000000
3000,e8e-c2,200,460982,1,402717,1,0,904454,0000000000000000
4000,e8e-c3,204,465552,1,443309,1,0,958652,0000000000000000
5000,e8e-c4,202,458914,1,452057,1,0,968942,0000000000000000
6000,e8e-c5,200,453669,1,456989,1,0,973685,0000000000000000
7000,e8e-c6,200,459405,1,443870,1,0,972762,0000000000000000
8000,e8e-c7,200,456473,1,459490,1,0,991350,0000000000000000
9000,e8e-c8,199,458831,1,457654,1,0,997924,0000000000000000
10000,e8e-c9,200,453150,1,467024,1,0,1008389,0000000000000000
11000,e8e-c10,201,458680,1,472032,1,0,1024387,0000000000000000
12000,e8e-c11,206,475891,1,467659,1,0,1043653,0000000000000000
