elapsed_s,op_seq,vm_rss_kb,vm_size_kb,threads,fds,wal_bytes,sst_bytes,db_bytes,wd_checks
2,2568,16616,547324,4,9,284313,454550,776094,1
4,4957,20852,795524,4,9,493090,951355,1495896,2
6,7233,26940,1075020,4,9,642627,1447165,2152495,3
8,9367,30780,1137836,4,9,682572,370815,1129277,4
10,11584,35352,1063684,4,9,796950,882700,1766629,5
12,13663,38004,1126500,4,9,856622,1372506,2327539,6
14,15691,41344,1061460,4,9,863850,357705,1331665,7
16,17596,43460,1124276,4,9,816697,862593,1802749,8
18,19379,46928,1057788,4,9,702632,1355178,2191821,9
20,21212,48548,1120604,4,9,606906,373253,1126558,10
22,23057,52600,1116136,4,9,554507,871811,1584969,11
24,25047,54772,1116136,4,9,528393,1383571,2082323,12
26,27213,57756,1148628,4,9,625076,364618,1171117,13
28,28970,59236,1148628,4,9,488639,852283,1534809,14
30,30951,60704,1148628,4,9,494320,1354428,2053167,15
32,32930,62048,1176788,4,9,477054,374024,1068737,16
34,35060,64032,1176788,4,9,541472,877922,1649121,17
36,37123,67700,1142128,4,9,576937,1391859,2210151,18
38,38762,70076,1176788,4,9,391653,366619,1010899,19
40,40932,72128,1176788,4,9,473608,868773,1607296,20
42,42730,75952,1165956,4,9,357358,1373421,2007070,21
44,45139,80268,1165956,4,9,573873,362444,1224116,22
46,47459,84104,1085456,4,9,749012,856071,1904914,23
48,49730,87732,1148272,4,9,867057,1354568,2533600,24
50,51986,88672,1081496,4,9,1019557,357517,1699953,25
52,53995,91068,1144312,4,9,1028298,846001,2210258,26
54,55917,91252,1072812,4,9,995461,1334352,2677888,27
56,58000,93276,1170288,4,10,77,893401,1265601,28
58,60060,93704,1135628,4,9,32861,1405921,1822417,29
60,62000,94756,1170288,4,10,77,375149,770897,30
62,64065,95480,1163788,4,9,31097,875388,1312716,31
64,66138,96488,1055480,4,9,69225,1378767,1866671,32
66,68325,96680,1146456,4,9,166019,367013,963171,33
68,70246,97820,1055480,4,9,130985,869809,1442617,34
70,72446,100320,1146456,4,9,239585,1354281,2048041,35
72,74579,102888,1055480,4,9,294129,384491,1145663,36
74,76865,104984,1146456,4,9,424023,882398,1785072,37
76,79150,106700,1035988,4,9,578229,1379846,2447042,38
78,81432,109252,1126964,4,9,725419,353929,1579243,39
80,83578,114464,1191944,4,9,806476,851556,2170823,40
82,85752,116036,1191944,4,9,898557,1355698,2779978,41
84,87958,116160,1014324,4,9,1026810,379554,1943775,42
86,90000,117632,1014324,4,9,736,1382620,1944383,43
88,92163,119476,1189780,4,9,84951,375760,1033594,44
90,94353,121624,1014324,4,9,173167,866375,1623969,45
92,96438,121624,1165952,4,9,218756,1361689,2176828,46
94,98641,122128,1035988,4,9,314618,372088,1294885,47
96,100572,124296,1152956,4,9,290025,880742,1790434,48
98,102371,126588,1014328,4,9,194497,1379487,2206199,49
100,104544,128528,1155120,4,9,279951,380147,1304265,50
102,106671,130268,1005664,4,9,339525,884570,1879922,51
104,108661,131456,1146456,4,9,341289,1397059,2406039,52
106,110718,133976,1003496,4,9,375435,367608,1421690,53
108,112825,134048,1144292,4,9,434946,869530,1994431,54
110,115147,134672,1176784,4,9,604005,1369291,2675503,55
112,117367,136328,1109636,4,9,689081,377075,1781239,56
114,119722,137336,1142124,4,9,864794,883854,2475415,57
116,120000,127164,838872,4,8,79,1391192,2129026,58
