budget,arm,seed,R@1,R@5,R@10,NDCG@10,MRR,R@10_std,candidate_recall
10,global_best_single,agg,0.0639,0.2525,0.4639,0.4960,0.6925,0.0000,0.4639
10,uniform_multihead,agg,0.0639,0.2525,0.4639,0.4960,0.6925,0.0000,0.4639
10,trained_gating,42,0.0639,0.2525,0.4639,0.4960,0.6925,0.0000,0.4639
10,trained_gating,7,0.0639,0.2525,0.4639,0.4960,0.6925,0.0000,0.4639
10,trained_gating,1,0.0639,0.2525,0.4639,0.4960,0.6925,0.0000,0.4639
10,trained_gating,agg,0.0639,0.2525,0.4639,0.4960,0.6925,0.0000,0.4639
10,oracle_head_empirical,agg,0.0639,0.2525,0.4639,0.4960,0.6925,0.0000,0.4639
25,global_best_single,agg,0.0639,0.2525,0.4639,0.4960,0.6957,0.0000,0.5164
25,uniform_multihead,agg,0.0639,0.2525,0.4639,0.4960,0.6957,0.0000,0.5164
25,trained_gating,42,0.0639,0.2525,0.4639,0.4960,0.6957,0.0000,0.5164
25,trained_gating,7,0.0639,0.2525,0.4639,0.4960,0.6957,0.0000,0.5164
25,trained_gating,1,0.0639,0.2525,0.4639,0.4960,0.6957,0.0000,0.5164
25,trained_gating,agg,0.0639,0.2525,0.4639,0.4960,0.6957,0.0000,0.5164
25,oracle_head_empirical,agg,0.0639,0.2525,0.4639,0.4960,0.6957,0.0000,0.5164
50,global_best_single,agg,0.0639,0.2525,0.4639,0.4960,0.6965,0.0000,0.5623
50,uniform_multihead,agg,0.0639,0.2525,0.4639,0.4960,0.6965,0.0000,0.5623
50,trained_gating,42,0.0639,0.2525,0.4639,0.4960,0.6965,0.0000,0.5623
50,trained_gating,7,0.0639,0.2525,0.4639,0.4960,0.6965,0.0000,0.5623
50,trained_gating,1,0.0639,0.2525,0.4639,0.4960,0.6965,0.0000,0.5623
50,trained_gating,agg,0.0639,0.2525,0.4639,0.4960,0.6965,0.0000,0.5623
50,oracle_head_empirical,agg,0.0639,0.2525,0.4639,0.4960,0.6965,0.0000,0.5623
100,global_best_single,agg,0.0639,0.2525,0.4639,0.4960,0.6973,0.0000,0.5934
100,uniform_multihead,agg,0.0639,0.2525,0.4639,0.4960,0.6973,0.0000,0.5934
100,trained_gating,42,0.0639,0.2525,0.4639,0.4960,0.6973,0.0000,0.5934
100,trained_gating,7,0.0639,0.2525,0.4639,0.4960,0.6973,0.0000,0.5934
100,trained_gating,1,0.0639,0.2525,0.4639,0.4960,0.6973,0.0000,0.5934
100,trained_gating,agg,0.0639,0.2525,0.4639,0.4960,0.6973,0.0000,0.5934
100,oracle_head_empirical,agg,0.0639,0.2525,0.4639,0.4960,0.6973,0.0000,0.5934
200,global_best_single,agg,0.0639,0.2525,0.4639,0.4960,0.6974,0.0000,0.6344
200,uniform_multihead,agg,0.0639,0.2525,0.4639,0.4960,0.6974,0.0000,0.6344
200,trained_gating,42,0.0639,0.2525,0.4639,0.4960,0.6974,0.0000,0.6344
200,trained_gating,7,0.0639,0.2525,0.4639,0.4960,0.6974,0.0000,0.6344
200,trained_gating,1,0.0639,0.2525,0.4639,0.4960,0.6974,0.0000,0.6344
200,trained_gating,agg,0.0639,0.2525,0.4639,0.4960,0.6974,0.0000,0.6344
200,oracle_head_empirical,agg,0.0639,0.2525,0.4639,0.4960,0.6974,0.0000,0.6344
