check,ok,detail
filter_eq_all,true,"recall 0.983"
filter_selective,true,"recall 0.947"
filter_zero_match,true,"recall 1.000"
filter_and,true,"recall 1.000"
filter_topk_clean,true,"[112, 60, 18, 6, 100, 30, 32]"
fm_insert_matching,true,"recall 0.984"
fm_update_leaves,true,"recall 0.983"
fm_update_enters,true,"recall 1.000"
fm_delete_matching,true,"recall 1.000"
fm_delete_nonmatching,true,"recall 0.983"
fm_reinsert,true,"recall 0.983"
fr_restart,true,"recall 0.983"
fr_compact,true,"recall 0.983"
final_checker,true,"Object {'clean': Bool(true), 'dir_errors': Array [], 'dir_warnings': Array [], 'engine_errors': Array [], 'engine_warnings': Array [], 'warning_count': Number(0)}"
