t_s,op,rss_kb,vmz_kb,anon_kb,file_kb,pss_kb,pss_anon_kb,pss_file_kb,threads,fds,uord_kb,ford_kb,arena_kb,wal_bytes,wal_files,sst_bytes,sst_files,db_bytes
5.7,1,94796,395768,89988,4808,92903,89988,2915,1,8,61742672,16466352,78209024,0,0,6248526,1,6769274
7.7,1997,94796,395768,89988,4808,92963,90048,2915,1,8,66910352,11298672,78209024,0,0,6873741,2,8729077
9.7,3936,103260,404140,98452,4808,101395,98480,2915,1,8,69017264,17764688,86781952,0,0,6253792,1,9405132
11.7,6010,107856,408300,103048,4808,105963,103048,2915,1,8,71044816,19996976,91041792,0,0,6259240,1,10803208
13.7,8012,107856,408300,103048,4808,106027,103112,2915,1,8,76151088,14890704,91041792,0,0,7512912,3,13401196
15.7,10000,112988,413336,108180,4808,111127,108212,2915,1,8,78244096,17954560,96198656,0,0,6891395,2,7492143
17.7,12003,111728,411684,106920,4808,110079,107164,2915,1,8,80477024,14029984,94507008,0,0,6266502,1,8201965
19.7,14006,111992,411684,107184,4808,110139,107224,2915,1,8,84772576,9734432,94507008,0,0,7520174,3,10799953
21.7,15895,119876,419684,115068,4808,118199,115284,2915,1,8,87799616,14899392,102699008,0,0,6266502,1,10818129
23.7,17800,120140,419684,115332,4808,118259,115344,2915,1,8,91850016,10848992,102699008,0,0,7520174,3,13343649
25.7,19573,124520,424228,119712,4808,122863,119948,2915,1,8,93963760,13388304,107352064,0,0,6893209,2,13908012
27.7,21205,137192,436844,132384,4808,135527,132612,2915,1,8,95122560,25148288,120270848,0,0,6266502,1,7750772
29.7,23005,137456,436844,132648,4808,135583,132668,2915,1,8,100170624,20100224,120270848,0,0,7520174,3,10211876
31.7,24711,134888,434428,130080,4808,133219,130304,2915,1,8,102291136,15505728,117796864,0,0,6266502,1,10101220
33.7,26402,135152,434428,130344,4808,133275,130360,2915,1,8,105952928,11843936,117796864,0,0,7520174,3,12489856
35.7,28000,139540,438972,134732,4808,137867,134952,2915,1,8,107410112,15039808,122449920,0,0,6893209,2,12933502
37.7,29712,139804,438972,134996,4808,137919,135004,2915,1,8,112234336,10215584,122449920,0,0,7519990,3,14711454
39.7,31294,153004,452176,148196,4808,151171,148256,2915,1,8,113246256,22724560,135970816,0,0,6891844,2,8512478
41.7,33000,149180,448428,144372,4808,147475,144560,2915,1,8,114612304,17520560,132132864,0,0,6266502,1,9030152
43.7,34730,149180,448428,144372,4808,147535,144620,2915,1,8,118904912,13227952,132132864,0,0,6893338,2,10824160
45.7,36424,153068,452216,148260,4808,151379,148464,2915,1,8,120233952,15777824,136011776,0,0,6266500,1,11332286
47.7,38123,153068,452216,148260,4808,151427,148512,2915,1,8,123659872,12351904,136011776,0,0,7519990,3,13720740
49.7,39860,159224,458280,154416,4808,157547,154632,2915,1,8,125868384,16352928,142221312,0,0,6266502,1,13634424
51.8,41574,159440,459452,154632,4808,157599,154684,2915,1,8,129328176,12893136,142221312,0,0,7518680,3,9412378
53.8,43229,159516,459440,154708,4808,157639,154724,2915,1,8,130541872,11667152,142209024,0,0,6893338,2,9897971
55.8,44978,159516,459440,154708,4808,157695,154780,2915,1,8,134881248,7327776,142209024,0,0,7520174,3,11692036
57.8,46699,166684,466724,161876,4808,165031,162116,2915,1,8,136279040,13388800,149667840,0,0,6893209,2,12224191
59.8,48345,172084,472032,167276,4808,170387,167472,2915,1,8,138567872,16535360,155103232,0,0,6266502,1,12700240
61.8,50095,172084,472032,167276,4808,170447,167532,2915,1,8,142258144,12845088,155103232,0,0,7520174,3,8496940
63.8,51725,184756,484500,179948,4808,182967,180052,2915,1,8,144312192,23558272,167870464,0,0,6266502,1,8336824
65.8,53436,184756,484500,179948,4808,183019,180104,2915,1,8,147942016,19928448,167870464,0,0,7520174,3,10741564
67.8,55031,181324,481080,176516,4808,179651,176736,2915,1,8,149128592,15239792,164368384,0,0,6893209,2,11185174
69.8,56661,181588,481080,176780,4808,179699,176784,2915,1,8,155891552,8476832,164368384,0,0,7519990,3,12906816
71.8,58295,196636,496160,191828,4808,194831,191916,2915,1,8,158379840,21430464,179810304,0,0,6893338,2,13374868
73.8,60000,202444,501852,197636,4808,200575,197660,2915,1,8,159894976,25743936,185638912,0,0,6266502,1,7267250
75.8,61797,202444,501852,197636,4808,200631,197716,2915,1,8,164528432,21110480,185638912,0,0,6891844,2,9090478
77.8,63493,206932,506384,202124,4808,205215,202300,2915,1,8,166022272,24257408,190279680,0,0,6266500,1,9608150
79.8,65230,206932,506384,202124,4808,205267,202352,2915,1,8,169724960,20554720,190279680,0,0,7519990,3,12020760
81.8,66855,205184,504568,200376,4808,203487,200572,2915,1,8,169252080,19168016,188420096,0,0,6266502,1,11861976
83.8,68427,205184,504568,200376,4808,203499,200584,2915,1,8,166393472,22026624,188420096,0,0,7520174,3,14170226
85.8,70018,208088,507468,203280,4808,206415,203500,2915,1,8,161776288,29613408,191389696,0,0,6893338,2,7982080
87.8,71775,208088,507468,203280,4808,206427,203512,2915,1,8,166296336,25093360,191389696,0,0,7518680,3,9781210
89.8,73334,208088,507468,203280,4808,206439,203524,2915,1,8,167354320,24035376,191389696,0,0,6893209,2,10202131
91.8,75034,211256,510496,206448,4808,209479,206564,2915,1,8,168842944,25647424,194490368,0,0,6266502,1,10718440
93.8,76736,211256,510496,206448,4808,209491,206576,2915,1,8,173193888,21296480,194490368,0,0,6893338,2,12488292
95.8,78372,215744,515012,210936,4808,214023,211108,2915,1,8,174496832,24617920,199114752,0,0,6266502,1,12956251
97.8,80107,215744,515012,210936,4808,214039,211124,2915,1,8,178195248,20919504,199114752,0,0,7520174,3,8744944
99.8,81809,211804,511068,206996,4808,210107,207192,2915,1,8,180446560,14629536,195076096,0,0,6266500,1,8633186
101.8,83642,211804,511068,206996,4808,210119,207204,2915,1,8,184443072,10633024,195076096,0,0,7519990,3,11118264
103.8,85277,214104,513332,209296,4808,212395,209480,2915,1,8,185729904,11664528,197394432,0,0,6893338,2,11586316
105.9,87000,221484,520704,216676,4808,219779,216864,2915,1,8,187299328,17644032,204943360,0,0,6266502,1,12118600
107.9,88748,221484,520704,216676,4808,219795,216880,2915,1,8,191787536,13155824,204943360,0,0,6893338,2,13912608
109.9,90401,233892,533144,229084,4808,232247,229332,2915,1,8,193147312,24534608,217681920,0,0,6266500,1,7771894
111.9,92109,233892,533144,229084,4808,232263,229348,2915,1,8,196745952,20935968,217681920,0,0,7518496,3,10166302
113.9,93745,230548,529720,225740,4808,228851,225936,2915,1,8,198799520,15376224,214175744,0,0,6266502,1,10017075
115.9,95355,230548,529720,225740,4808,228863,225948,2915,1,8,202114400,12061344,214175744,0,0,7520174,3,12349520
117.9,96934,234360,533504,229552,4808,232659,229744,2915,1,8,203978976,14071584,218050560,0,0,6266502,1,12150292
119.9,98603,234360,533504,229552,4808,232671,229756,2915,1,8,207445872,10604688,218050560,0,0,7520174,3,14522824
121.6,100000,240448,539568,235640,4808,238747,235832,2915,1,8,208038208,16221888,224260096,0,0,6893209,2,8213959