mode,variant,rep,exit_kind,acked_total,recovered_acked,acked_lost,unacked_survived,extra_count,checker_clean
sync,self,0,SIGKILL,75,75,0,0,0,true
sync,self,1,SIGKILL,75,75,0,0,0,true
sync,self,2,SIGKILL,75,75,0,0,0,true
sync,mid,0,SIGKILL,75,75,0,0,0,true
sync,mid,1,SIGKILL,75,75,0,0,0,true
sync,mid,2,SIGKILL,75,75,0,0,0,true
group,self,0,SIGKILL,75,75,0,0,0,true
group,self,1,SIGKILL,75,75,0,0,0,true
group,self,2,SIGKILL,75,75,0,0,0,true
group,mid,0,SIGKILL,75,75,0,0,0,true
group,mid,1,SIGKILL,75,75,0,0,0,true
group,mid,2,SIGKILL,75,75,0,0,0,true
async,self,0,SIGKILL,75,71,4,0,0,true
async,self,1,SIGKILL,75,71,4,0,0,true
async,self,2,SIGKILL,75,71,4,0,0,true
async,mid,0,SIGKILL,75,71,4,0,0,true
async,mid,1,SIGKILL,75,71,4,0,0,true
async,mid,2,SIGKILL,75,71,4,0,0,true
